iteration,n_redundant,n_variables,icr_std,icr_raw,effective_dimension,icr_effective
0,0,20,0.05,0.04929674061476711,11.574452365981347,0.08639717615833951
0,5,25,0.04,0.03913869501965444,10.602230256753733,0.09431977761122377
0,10,30,0.03333333333333333,0.03276901058940193,10.665812133672011,0.09375751114563476
0,20,40,0.025,0.024597299925537924,11.384170846095056,0.0878412678023903
1,0,20,0.05,0.05302894806408958,11.247817279513841,0.08890613842219372
1,5,25,0.04,0.04264683137953077,10.91793320938414,0.09159242695682401
1,10,30,0.03333333333333333,0.03578222794177792,10.737794360695688,0.09312899524881675
1,20,40,0.025,0.026546270167080548,11.193520250630684,0.08933740035389282
2,0,20,0.05,0.05355580767948816,10.933818651377248,0.09145935485897581
2,5,25,0.04,0.04308132774646504,10.215356873598388,0.09789183210862679
2,10,30,0.03333333333333333,0.03571914301986918,10.225550226014104,0.09779424851446823
2,20,40,0.025,0.026898757768120594,10.895930285978608,0.09177738602887783
3,0,20,0.05,0.0506855615529751,11.558432804142127,0.08651691946001848
3,5,25,0.04,0.040471566022764416,10.977912833765036,0.09109199673404907
3,10,30,0.03333333333333333,0.033909100941992204,11.138440372416616,0.08977917612921944
3,20,40,0.025,0.02534048871835695,11.459323895499278,0.08726518327950887
4,0,20,0.05,0.05642766668629065,12.560943814423625,0.07961185200523774
4,5,25,0.04,0.04517325440848805,11.678170669794554,0.0856298497663241
4,10,30,0.03333333333333333,0.0377297949814851,11.774915947114284,0.08492629624630765
4,20,40,0.025,0.028199666725313693,12.391722891423662,0.0806990285985254
5,0,20,0.05,0.04881342554525904,11.599364700122543,0.08621161812331286
5,5,25,0.04,0.03898805197364851,10.648482456174309,0.09391009508779066
5,10,30,0.03333333333333333,0.032367969014214584,10.935378214111175,0.09144631126791619
5,20,40,0.025,0.024412550105950493,11.378729256199911,0.08788327567027149
6,0,20,0.05,0.0492250204831969,12.840005525938109,0.07788158641987333
6,5,25,0.04,0.03912905790312568,11.956647673382376,0.08363548273034571
6,10,30,0.03333333333333333,0.032992171947158665,12.044299595001181,0.08302682875931085
6,20,40,0.025,0.024581541144380548,12.681526135440762,0.07885486252362983
7,0,20,0.05,0.05594421400640598,11.95956503308669,0.08361508108643197
7,5,25,0.04,0.044497350605437455,11.014381673877695,0.09079038929363181
7,10,30,0.03333333333333333,0.03712039297237687,11.07005507485121,0.09033378725204226
7,20,40,0.025,0.02798175379253556,11.77394211832809,0.0849333205437909
8,0,20,0.05,0.04729173028589738,12.380634226171201,0.08077130635893578
8,5,25,0.04,0.037763088956154135,11.414786510056004,0.08760566823733734
8,10,30,0.03333333333333333,0.031571793001380084,11.714695543334557,0.08536286720391818
8,20,40,0.025,0.023572189345737335,12.185909639964551,0.08206199040902366
9,0,20,0.05,0.043263627922271904,11.620571762857344,0.08605428548673351
9,5,25,0.04,0.03453018200449431,10.595213307860092,0.09438224327755128
9,10,30,0.03333333333333333,0.028821469904548286,10.776117442034824,0.09279780082010435
9,20,40,0.025,0.02156754264519602,11.35531715104622,0.08806447118105065
10,0,20,0.05,0.06056713470573892,11.093080693368174,0.09014628376388126
10,5,25,0.04,0.0486568173034163,10.529248249777387,0.09497354191655062
10,10,30,0.03333333333333333,0.04040733009871514,10.306282324084775,0.09702819780737985
10,20,40,0.025,0.030373982020912228,10.977278644897005,0.09109725937993465
11,0,20,0.05,0.05141243530221081,12.0180022453379,0.08320850500655601
11,5,25,0.04,0.04084892961814045,11.344117974787485,0.08815141046862512
11,10,30,0.03333333333333333,0.03413421436429673,11.34158594730341,0.08817109041419038
11,20,40,0.025,0.02564083484358236,11.810762535340976,0.08466853829358868
12,0,20,0.05,0.05459433349557869,12.348369337490682,0.08098235262237552
12,5,25,0.04,0.04401610271396445,11.616633893726613,0.08608345663196246
12,10,30,0.03333333333333333,0.03678341755589335,11.621467543413619,0.0860476524384171
12,20,40,0.025,0.027318943577501517,12.133115414220534,0.08241906269415
13,0,20,0.05,0.0531631254446001,11.952334895902128,0.08366566103689507
13,5,25,0.04,0.04290861488786994,11.078118510923227,0.09026803594978532
13,10,30,0.03333333333333333,0.035502661350920534,11.194012989838635,0.08933346789107266
13,20,40,0.025,0.0265848760025654,11.77495241521934,0.0849260332217973
14,0,20,0.05,0.048803854938527416,12.286146452997778,0.08139248574202071
14,5,25,0.04,0.03889018414118439,11.665183803940582,0.08572518160084137
14,10,30,0.03333333333333333,0.032446459818429516,11.612624964811724,0.08611317450018184
14,20,40,0.025,0.024319681539243288,12.180722035902386,0.08209693949607617
15,0,20,0.05,0.05354786423486837,11.617713806955297,0.08607545482841207
15,5,25,0.04,0.042935840347387844,10.8559916925133,0.09211502995987346
15,10,30,0.03333333333333333,0.03589863674664536,10.907700111727673,0.09167835471795069
15,20,40,0.025,0.02684307299068536,11.618256929812707,0.08607143102800366
16,0,20,0.05,0.056629780100864995,12.065083519109077,0.08288380253780814
16,5,25,0.04,0.045395231574421956,11.209888405678042,0.08920695405794399
16,10,30,0.03333333333333333,0.03797012968417261,11.226607456358472,0.08907410398798836
16,20,40,0.025,0.028465445290383234,11.968829561269441,0.08355035844406641
17,0,20,0.05,0.04958842479418133,11.796159289946887,0.08477335507432797
17,5,25,0.04,0.039428751837848094,11.183973666924748,0.0894136583097812
17,10,30,0.03333333333333333,0.03309581173630844,11.120568816871453,0.08992345773562056
17,20,40,0.025,0.02473476139948001,11.694359073503893,0.08551131307962972
18,0,20,0.05,0.05485606374273558,12.218024339460863,0.08184629300256627
18,5,25,0.04,0.04383837645787166,11.35887080749165,0.08803691994986493
18,10,30,0.03333333333333333,0.03660847879682329,11.608001054276004,0.08614747666926108
18,20,40,0.025,0.02745584315681357,12.066910801560443,0.0828712515112554
19,0,20,0.05,0.057450051748184794,12.461654596235963,0.08024616573003472
19,5,25,0.04,0.04637090017765469,11.816531861971091,0.08462719956083561
19,10,30,0.03333333333333333,0.03851062386614822,11.746933086823553,0.08512860272624627
19,20,40,0.025,0.02886718671159506,12.299970502248238,0.08130100798349199
20,0,20,0.05,0.05514318852839566,11.873212365168856,0.08422320508084152
20,5,25,0.04,0.04389413444497755,10.898050091801325,0.09175953418972689
20,10,30,0.03333333333333333,0.03646736369970009,11.039608817269025,0.09058291978930642
20,20,40,0.025,0.027673030270271803,11.528208498290066,0.08674374688385676
21,0,20,0.05,0.05401998392401193,11.814376555746962,0.08464263816896558
21,5,25,0.04,0.042833993585691,10.777157358840329,0.09278884651152616
21,10,30,0.03333333333333333,0.0360161071048406,10.910477640322616,0.09165501575331862
21,20,40,0.025,0.026913652694721502,11.55133699004684,0.08657006551377089
22,0,20,0.05,0.0521680134626945,12.161473091402843,0.08222688094478599
22,5,25,0.04,0.04169865793772127,11.401029541251544,0.08771137697536614
22,10,30,0.03333333333333333,0.03478943953210368,11.332682402136276,0.0882403622121709
22,20,40,0.025,0.02603369797391466,11.877228588801247,0.08419472543812755
23,0,20,0.05,0.0536432776045982,12.38475307641224,0.08074444390050703
23,5,25,0.04,0.04289543709693165,11.449299745004957,0.08734158614689733
23,10,30,0.03333333333333333,0.03575512432547732,11.408555474002,0.08765351601951851
23,20,40,0.025,0.026768081135808797,12.232500399783875,0.08174943530087014
24,0,20,0.05,0.05502893839888171,12.290500145661214,0.08136365389109242
24,5,25,0.04,0.044177172368342614,11.299313323359003,0.08850095323338861
24,10,30,0.03333333333333333,0.036650613553211656,11.280943986580589,0.08864506385188727
24,20,40,0.025,0.027523071095376207,11.987870471060312,0.08341765140139618
25,0,20,0.05,0.05384224797702215,12.65853845818439,0.07899806153003777
25,5,25,0.04,0.04320097041794745,11.638402384922866,0.08592244596178117
25,10,30,0.03333333333333333,0.03596416006190318,11.832979966519494,0.08450956587684785
25,20,40,0.025,0.026964655328989156,12.559346253469547,0.07962197870958035
26,0,20,0.05,0.06003923972103863,12.23281448981148,0.0817473363004797
26,5,25,0.04,0.047723496405545636,11.503409735607375,0.08693074688147674
26,10,30,0.03333333333333333,0.039764738284803265,11.587394017564737,0.08630068145470425
26,20,40,0.025,0.030146953058431326,12.168714897629801,0.08217794634951782
27,0,20,0.05,0.04637681027847516,12.21330324768395,0.08187793095120548
27,5,25,0.04,0.036901547377130896,11.402227336276663,0.087702162964113
27,10,30,0.03333333333333333,0.0309388564927957,11.559988272458614,0.08650527807043501
27,20,40,0.025,0.0231138722476718,12.111081291132116,0.08256901064087584
28,0,20,0.05,0.052327440249816504,11.768155023039204,0.08497508726238238
28,5,25,0.04,0.04160638612247709,10.999041265958128,0.0909170150215715
28,10,30,0.03333333333333333,0.03473749069286624,10.952827230314488,0.09130062758885378
28,20,40,0.025,0.02619219416974441,11.538775442291369,0.0866643089642639
29,0,20,0.05,0.05316753164372423,10.905880719810204,0.09169364911387029
29,5,25,0.04,0.04262586917332747,10.264678026983534,0.09742146781138429
29,10,30,0.03333333333333333,0.035529351122787635,10.381951496104625,0.09632100481062798
29,20,40,0.025,0.026572771352191757,10.800231719100548,0.09259060601741245
30,0,20,0.05,0.056287896687628985,10.998057887440908,0.09092514426041867
30,5,25,0.04,0.045277772672372915,10.481765704308408,0.09540377339182096
30,10,30,0.03333333333333333,0.03754865569376,10.310277731740285,0.09699059773351117
30,20,40,0.025,0.028228776064301752,10.932921358034825,0.09146686116653348
31,0,20,0.05,0.058082833545981524,11.60166977282439,0.08619448920554416
31,5,25,0.04,0.04689389447608335,10.844787603687921,0.09221019687466595
31,10,30,0.03333333333333333,0.03925682129074681,11.027444250761224,0.09068284339147487
31,20,40,0.025,0.02915105641912191,11.479358647373788,0.08711288066853604
32,0,20,0.05,0.048622648593981986,11.97313059957726,0.08352034513306882
32,5,25,0.04,0.038718985436151515,11.408271135450223,0.08765570068654714
32,10,30,0.03333333333333333,0.032320471261402375,11.34659954415445,0.08813213122650307
32,20,40,0.025,0.024252052810272012,11.787810934466233,0.08483339320247431
33,0,20,0.05,0.06181355430833235,12.793119276674126,0.0781670191900199
33,5,25,0.04,0.05012332173640403,11.835825050703447,0.08448925154909807
33,10,30,0.03333333333333333,0.04117473630969199,11.985062243084121,0.08343719704726954
33,20,40,0.025,0.031150600033858795,12.650420575501926,0.07904875525929488
34,0,20,0.05,0.05778824719173707,11.955021001359555,0.08364686267688509
34,5,25,0.04,0.04622385551205525,11.386678398617496,0.08782192356652614
34,10,30,0.03333333333333333,0.03875673267855535,11.400597559625623,0.08771470045933613
34,20,40,0.025,0.029041811578079238,11.808983335728607,0.08468129487273093
35,0,20,0.05,0.04912399089057443,11.576474625274324,0.08638208369728995
35,5,25,0.04,0.03943066122320081,10.954359154706255,0.09128785955227477
35,10,30,0.03333333333333333,0.032960910515062024,10.907768230966376,0.09167778218472514
35,20,40,0.025,0.024508389795694738,11.506299040384514,0.08690891801875004
36,0,20,0.05,0.05793125897106276,12.326821179828453,0.08112391551817064
36,5,25,0.04,0.04631132821146157,11.215653457060082,0.08916110004901368
36,10,30,0.03333333333333333,0.0385303725873627,11.52212953756921,0.08678951202027252
36,20,40,0.025,0.029103640026676102,12.323884672581997,0.08114324554048982
37,0,20,0.05,0.05312722462343637,12.64587921570601,0.07907714307108149
37,5,25,0.04,0.042548093718193215,11.916242045951014,0.08391907416313242
37,10,30,0.03333333333333333,0.0355987068228496,12.070704793326641,0.08284520391492432
37,20,40,0.025,0.026590233640782907,12.561828350098711,0.07960624617133397
38,0,20,0.05,0.04918701857381815,12.319630687935724,0.08117126440967687
38,5,25,0.04,0.03927086655936641,11.497597445339263,0.08697469230020452
38,10,30,0.03333333333333333,0.0326896784402835,11.504585809912834,0.08692186024970651
38,20,40,0.025,0.02464943554726865,12.166178416257566,0.0821950793244745
39,0,20,0.05,0.05017634968785188,11.58277185592236,0.08633512016285569
39,5,25,0.04,0.04026058561741915,10.795525367661613,0.09263097125365813
39,10,30,0.03333333333333333,0.03363065481588612,10.811975453961242,0.09249003609545049
39,20,40,0.025,0.025087340009769494,11.520375547232813,0.0868027258226143
40,0,20,0.05,0.05516228141240568,11.508282981750872,0.08689393557542324
40,5,25,0.04,0.04379164277227154,10.801700713767644,0.0925780140089809
40,10,30,0.03333333333333333,0.03661234006952584,10.967741705039023,0.09117647250395765
40,20,40,0.025,0.02762623465753274,11.258356047926538,0.08882291479706497
41,0,20,0.05,0.05136288261847777,13.084809455424251,0.07642449845423269
41,5,25,0.04,0.04125247673626211,12.34724935900303,0.0809896982659419
41,10,30,0.03333333333333333,0.03428157685499197,12.41315567799247,0.08055969214765588
41,20,40,0.025,0.0257039857668975,12.914073185790702,0.0774349026533546
42,0,20,0.05,0.05137400633263436,12.053080859121573,0.0829663396179091
42,5,25,0.04,0.041084279963856614,11.576206474860987,0.08638408464565751
42,10,30,0.03333333333333333,0.03439190631186534,11.461424020502488,0.087249193312382
42,20,40,0.025,0.025655815716835582,12.02328626639552,0.08317193634447095
43,0,20,0.05,0.050051504579841435,11.78730965088136,0.084837000945778
43,5,25,0.04,0.040183713850959195,11.033834363238826,0.0906303255132846
43,10,30,0.03333333333333333,0.03321708656737257,11.07123854033348,0.09032413097747947
43,20,40,0.025,0.024946464890808012,11.660711747479995,0.08575805848353217
44,0,20,0.05,0.04695027444344674,11.513815951994994,0.08685217864948852
44,5,25,0.04,0.03758814652057431,10.872222867843334,0.09197751114518542
44,10,30,0.03333333333333333,0.031234384936871133,10.615758252151144,0.09419958294522797
44,20,40,0.025,0.023364121403905397,11.314790302475709,0.08837989686659921
45,0,20,0.05,0.04849205729039478,12.482070479484259,0.08011491375918897
45,5,25,0.04,0.03882996080275694,11.359978097095654,0.08802833873910942
45,10,30,0.03333333333333333,0.03248503392297353,11.55536989057481,0.08653985198826518
45,20,40,0.025,0.02423896164650253,12.254083415689907,0.08160545069569365
46,0,20,0.05,0.054336240917762,12.459151846172873,0.0802622852940968
46,5,25,0.04,0.043296325531314114,11.46004901552386,0.08725966168603584
46,10,30,0.03333333333333333,0.036045914608944,11.387042471914746,0.08781911567173145
46,20,40,0.025,0.02715977960391262,12.242351540807253,0.0816836533950781
47,0,20,0.05,0.04755368484294697,12.10468838527673,0.08261261819976529
47,5,25,0.04,0.03796210688990938,11.279618665158239,0.08865547938148947
47,10,30,0.03333333333333333,0.031654657939698023,11.410190901292726,0.08764095260550848
47,20,40,0.025,0.02369328132303205,11.838250041276554,0.08447194446081889
48,0,20,0.05,0.051937532695248714,12.320181914361982,0.08116763266573783
48,5,25,0.04,0.04134951670356131,11.612279013243967,0.08611573997313413
48,10,30,0.03333333333333333,0.03435944593963097,11.684840246573586,0.08558097320100169
48,20,40,0.025,0.026004904853994155,12.171230751673155,0.08216095975852993
49,0,20,0.05,0.05004547293232844,11.19692152956932,0.08931026241089181
49,5,25,0.04,0.04066327510984906,10.475177700044405,0.0954637743277387
49,10,30,0.03333333333333333,0.03354868809600228,10.449764644300034,0.09569593517548394
49,20,40,0.025,0.025122467765053953,11.007006240990679,0.09085122494761079
50,0,20,0.05,0.055174142438831605,11.101943527073967,0.09007431874980545
50,5,25,0.04,0.0442370428931881,10.295751522633529,0.09712744113935377
50,10,30,0.03333333333333333,0.03687602875000703,10.254799404110788,0.09751531557010615
50,20,40,0.025,0.02759042602209948,10.839704021694292,0.09225344142225902
51,0,20,0.05,0.05132890813699113,11.9667195146352,0.08356509056446157
51,5,25,0.04,0.040720325110319304,11.383124648677043,0.08784934109600749
51,10,30,0.03333333333333333,0.03391820572315235,11.065629541800547,0.09036991489932752
51,20,40,0.025,0.025544051215619822,11.794622721128878,0.08478439909812467
52,0,20,0.05,0.053306967395392944,13.207239021207144,0.07571605226454059
52,5,25,0.04,0.04258784780107156,12.14757927472307,0.08232092809477032
52,10,30,0.03333333333333333,0.035285888244221665,12.339963624090622,0.0810375160302544
52,20,40,0.025,0.026678788753882562,13.109262425494787,0.07628194230479421
53,0,20,0.05,0.05306314908361142,10.711258740994355,0.09335970908561651
53,5,25,0.04,0.04314865190567943,9.94742491442312,0.10052852960468844
53,10,30,0.03333333333333333,0.0357982792874673,10.089211577217668,0.09911577256027503
53,20,40,0.025,0.026563859537378748,10.57831756550008,0.0945329910742499
54,0,20,0.05,0.051158121403894904,11.48052582494272,0.08710402426231982
54,5,25,0.04,0.04095143617155158,10.681308749861065,0.09362148622592782
54,10,30,0.03333333333333333,0.03406471599340338,10.860124656435362,0.0920799743681977
54,20,40,0.025,0.025601200821607172,11.309002077190867,0.08842513187055652
55,0,20,0.05,0.05769597066766207,11.780177261250808,0.0848883660935524
55,5,25,0.04,0.0464245547833537,11.204397311278084,0.08925067294725647
55,10,30,0.03333333333333333,0.03862224819361668,11.001666370976299,0.09089532133405887
55,20,40,0.025,0.028872732287979198,11.62774118871504,0.08600122618574624
56,0,20,0.05,0.0449999723372178,10.726361440462721,0.0932282587670159
56,5,25,0.04,0.03621231428162995,10.237727635424994,0.09767792576740957
56,10,30,0.03333333333333333,0.03019244543526075,10.190704495034648,0.09812864267502244
56,20,40,0.025,0.022425821708575062,10.660357354153964,0.09380548576172593
57,0,20,0.05,0.05697043653005411,12.014535988729529,0.0832325110963977
57,5,25,0.04,0.04512540834471682,11.244234666497025,0.08893446549808937
57,10,30,0.03333333333333333,0.03746662966662875,11.113621954063577,0.08997966676690498
57,20,40,0.025,0.028516552371441108,11.816545088014065,0.08462710483915768
58,0,20,0.05,0.06056590661411022,12.572608471779862,0.0795379894510016
58,5,25,0.04,0.04898999845634104,11.879519828088732,0.08417848654417269
58,10,30,0.03333333333333333,0.040878151662087005,11.984554465123168,0.08344073222831508
58,20,40,0.025,0.03041473017809623,12.418673636985197,0.08052389725596845
59,0,20,0.05,0.05453910530965681,11.740207606249239,0.08517736939061506
59,5,25,0.04,0.04373484650873091,10.85962861187272,0.09208418038409806
59,10,30,0.03333333333333333,0.03675394629684163,10.99791292543204,0.0909263427324977
59,20,40,0.025,0.027261756085957434,11.545245793491096,0.08661573931702463
60,0,20,0.05,0.052600506866271504,11.225934718630576,0.0890794419408478
60,5,25,0.04,0.0424008730035289,10.597599230451182,0.09436099424543214
60,10,30,0.03333333333333333,0.03519700282841806,10.785619294351948,0.09271604835187026
60,20,40,0.025,0.026320864228469187,11.175710550176568,0.08947976913952918
61,0,20,0.05,0.04826870821885414,10.64155944481213,0.09397118957856411
61,5,25,0.04,0.03925017491306853,9.815982454680572,0.10187467272042323
61,10,30,0.03333333333333333,0.03234269228543142,10.209046163616762,0.09795234383049647
61,20,40,0.025,0.024141384299783294,10.52996411226381,0.09496708529474869
62,0,20,0.05,0.056837107746603104,10.898875523909739,0.09175258473282126
62,5,25,0.04,0.04547217468272224,10.381129215704778,0.09632863431534791
62,10,30,0.03333333333333333,0.03793464658841257,10.240257837295232,0.09765379113385009
62,20,40,0.025,0.028588333650037826,10.675233944966024,0.09367476208533645
63,0,20,0.05,0.046204862450505604,12.717720062675449,0.07863044595035915
63,5,25,0.04,0.036892319287190306,11.701314374423154,0.0854604848653421
63,10,30,0.03333333333333333,0.030646475421805285,11.692415392089725,0.08552552799967494
63,20,40,0.025,0.023043052497550037,12.524200790307681,0.07984541422985547
64,0,20,0.05,0.052258027012405846,12.58510989146016,0.07945898038431647
64,5,25,0.04,0.0418120013545744,11.520423084454778,0.08680236764475795
64,10,30,0.03333333333333333,0.034877341579740526,11.722560193883728,0.08530559736615831
64,20,40,0.025,0.026193406380899682,12.304315496637429,0.08127229834713551
65,0,20,0.05,0.051212354842729464,13.230619534742305,0.0755822505041505
65,5,25,0.04,0.04067957402402619,12.230049615463674,0.08176581710147766
65,10,30,0.03333333333333333,0.03410375501868886,12.33989856761573,0.08103794326351714
65,20,40,0.025,0.025546141712351166,13.077573347011178,0.0764667858069055
66,0,20,0.05,0.05045265990204962,13.543104469993075,0.07383831397119181
66,5,25,0.04,0.04042393071644496,12.770796887959552,0.07830364923764555
66,10,30,0.03333333333333333,0.03381861131018352,12.757740431855158,0.07838378632497273
66,20,40,0.025,0.02519519934758292,13.38721423438326,0.07469813976918623
67,0,20,0.05,0.04848626178150956,12.086114105102068,0.08273957959555066
67,5,25,0.04,0.0390346567737288,11.34011319567933,0.08818254128018825
67,10,30,0.03333333333333333,0.032594496325869055,11.43380691135101,0.08745993418930675
67,20,40,0.025,0.02422232398512368,11.929574509812102,0.0838252864071135
68,0,20,0.05,0.05228540127231724,13.078332998679583,0.0764623442529688
68,5,25,0.04,0.04200153704384698,12.12903312213211,0.08244680263715978
68,10,30,0.03333333333333333,0.03493865567858621,12.122722382883182,0.08248972206209733
68,20,40,0.025,0.02608504795419216,12.878083655925005,0.07765130486164497
69,0,20,0.05,0.05184857202279758,12.415127806325389,0.08054689533606811
69,5,25,0.04,0.041520938348404715,11.380817983783283,0.08786714640590129
69,10,30,0.03333333333333333,0.03451356175183442,11.556565811009659,0.08653089649239261
69,20,40,0.025,0.0258816404313035,12.277343595852754,0.08145084416614329
70,0,20,0.05,0.05214768494808434,12.070219733616247,0.0828485331725108
70,5,25,0.04,0.041391227834293,11.10347924713355,0.09006186058826182
70,10,30,0.03333333333333333,0.0344759753845171,11.110745722144008,0.09000295974796486
70,20,40,0.025,0.026004138086223674,11.87953449914544,0.08417838258493508
71,0,20,0.05,0.0517896997684636,11.894747912024208,0.08407071821918279
71,5,25,0.04,0.04169386343711623,11.396094643607155,0.08774935899299223
71,10,30,0.03333333333333333,0.03442094670845736,11.088908706037357,0.09018019955882133
71,20,40,0.025,0.025907107419471654,11.725881577372574,0.0852814343554091
72,0,20,0.05,0.05129004234423664,11.264813215129575,0.08877200011243128
72,5,25,0.04,0.040701341647039105,10.64408712271435,0.09394887400592696
72,10,30,0.03333333333333333,0.03407715631802416,10.692758599752398,0.09352123595338213
72,20,40,0.025,0.02565468982904396,10.984381118077476,0.09103835612133453
73,0,20,0.05,0.05709465147660834,12.613241171737343,0.07928176321885554
73,5,25,0.04,0.04538490212521798,11.764105127756546,0.08500434067361172
73,10,30,0.03333333333333333,0.037825748813790305,11.780480186638924,0.08488618325882596
73,20,40,0.025,0.02853732868451061,12.473581850267745,0.08016943424943614
74,0,20,0.05,0.04996218462307563,11.534818248740054,0.0866940404638998
74,5,25,0.04,0.03970251592920361,10.537656777260437,0.0948977577404052
74,10,30,0.03333333333333333,0.03322807259069002,10.593337699280935,0.09439895417172238
74,20,40,0.025,0.024949225650865662,11.257990914900416,0.08882579561122746
75,0,20,0.05,0.05657037560063491,12.514906367311887,0.07990471287998879
75,5,25,0.04,0.04509790585439401,11.774764098628125,0.0849273914639623
75,10,30,0.03333333333333333,0.037623205134718896,11.74006723707846,0.08517838780698943
75,20,40,0.025,0.028434791073772905,12.362469634029324,0.08088998635413173
76,0,20,0.05,0.05400337801872963,13.404974691099492,0.07459917105729193
76,5,25,0.04,0.043415300549223525,12.453573052412857,0.0802982401750357
76,10,30,0.03333333333333333,0.0361003588972658,12.595435519841645,0.07939384060397876
76,20,40,0.025,0.026982550052436338,13.127487898700684,0.07617603670379135
77,0,20,0.05,0.05135806746256331,11.671460619215065,0.08567907930509322
77,5,25,0.04,0.040542104341218264,10.934865603343297,0.09145059813942784
77,10,30,0.03333333333333333,0.033840865249063504,10.856075805827535,0.09211431624889728
77,20,40,0.025,0.025686357557670396,11.48881579011863,0.08704117276038893
78,0,20,0.05,0.05261873770000897,12.588045476021474,0.07944045021960437
78,5,25,0.04,0.041993568486805744,11.746926543035714,0.08512865014831136
78,10,30,0.03333333333333333,0.03504367876973946,11.788493280982898,0.08482848284039758
78,20,40,0.025,0.02635604109541009,12.267475998454756,0.0815163608329833
79,0,20,0.05,0.0548062306567751,10.902497172440603,0.09172210587935817
79,5,25,0.04,0.043762660438003254,10.194727233204413,0.0980899220866824
79,10,30,0.03333333333333333,0.036379500904525644,10.473510055496673,0.09547897454637791
79,20,40,0.025,0.027522232147380057,10.91150081496655,0.09164642123550679
80,0,20,0.05,0.05434686617504615,12.011672310940007,0.08325235438609316
80,5,25,0.04,0.04338495139157709,11.2533457010043,0.08886246157982648
80,10,30,0.03333333333333333,0.036295418815020436,11.43030867052155,0.08748670126284275
80,20,40,0.025,0.0272007368442915,11.832014328591336,0.08451646289707082
81,0,20,0.05,0.05375287837823976,11.825723408434705,0.0845614230489062
81,5,25,0.04,0.043552789361824405,11.094940931307319,0.09013116934928736
81,10,30,0.03333333333333333,0.036070383063204856,10.969971972774715,0.09115793572506846
81,20,40,0.025,0.026969124741202034,11.79997511224898,0.08474594145219413
82,0,20,0.05,0.04986828008625022,11.203041287015077,0.08926147591360334
82,5,25,0.04,0.04020298888056615,10.344391616238351,0.09667074073551378
82,10,30,0.03333333333333333,0.033461269669805546,10.452757568268046,0.0956685346875115
82,20,40,0.025,0.024912476702798916,10.995600918237201,0.0909454615019184
83,0,20,0.05,0.05357616107064934,11.578497573392946,0.08636699137010412
83,5,25,0.04,0.04260074843127493,10.72991534283013,0.09319738022613692
83,10,30,0.03333333333333333,0.03561738545747014,10.834336060626187,0.0922991491499114
83,20,40,0.025,0.02676084974819862,11.454980415985236,0.08729827233964682
84,0,20,0.05,0.047497665699942605,13.111026546459266,0.07627167838128264
84,5,25,0.04,0.03828959119101544,12.071082974226881,0.08284260841675203
84,10,30,0.03333333333333333,0.03177818756435452,12.147526518188318,0.08232128561338922
84,20,40,0.025,0.023703544858932408,12.860703550140174,0.07775624374679724
85,0,20,0.05,0.05454414767706617,11.509048981505531,0.08688815223629252
85,5,25,0.04,0.04368575755813263,10.979925250140253,0.09107530126284115
85,10,30,0.03333333333333333,0.0367004656392345,10.838070142501454,0.09226734897004435
85,20,40,0.025,0.02725354802681686,11.358463537647756,0.08804007660767574
86,0,20,0.05,0.04723489216288033,11.767420874832052,0.08498038870512246
86,5,25,0.04,0.037765056942545346,10.922887526189221,0.09155088318929895
86,10,30,0.03333333333333333,0.03155490623482104,11.000514368964858,0.0909048401246804
86,20,40,0.025,0.023555104717222414,11.61220087332055,0.08611631945650683
87,0,20,0.05,0.05356506335750422,11.468504907637595,0.08719532389387892
87,5,25,0.04,0.04308518487953854,10.691896585219935,0.09352877593133116
87,10,30,0.03333333333333333,0.03592500175069372,10.799912549881055,0.09259334234248161
87,20,40,0.025,0.02678355308614887,11.370074437765611,0.08795017178414488
88,0,20,0.05,0.05256096112846103,11.831641179085887,0.08451912840017856
88,5,25,0.04,0.042300246760179364,11.008624104329996,0.0908378731549815
88,10,30,0.03333333333333333,0.03499433472143075,10.813656523916416,0.09247565777480667
88,20,40,0.025,0.02631860243186129,11.608879006676041,0.08614096153684773
89,0,20,0.05,0.05638554626751356,13.427038684525872,0.07447658590218112
89,5,25,0.04,0.045078588451480966,12.50864376708623,0.07994471811814499
89,10,30,0.03333333333333333,0.03726076533876187,12.605599435535051,0.0793298252188635
89,20,40,0.025,0.028229519781264537,13.294870855517638,0.07521697734919928
90,0,20,0.05,0.05338822862402663,12.15793796265786,0.08225078981908121
90,5,25,0.04,0.04240807057832505,11.541137134742085,0.08664657462475836
90,10,30,0.03333333333333333,0.0355696363885275,11.598697455170791,0.08621657766874435
90,20,40,0.025,0.02668258779717771,11.90811878013743,0.08397632056441909
91,0,20,0.05,0.049390823310032694,11.236154360025068,0.08899842134224373
91,5,25,0.04,0.039537215955298494,10.502081839511147,0.0952192160832131
91,10,30,0.03333333333333333,0.03297153972564196,10.555432204546621,0.09473794920204806
91,20,40,0.025,0.024783440611516095,11.202312471877082,0.08926728320696789
92,0,20,0.05,0.05516642976471313,11.495441636786657,0.08699100318163434
92,5,25,0.04,0.04419215874744654,10.83948279545267,0.09225532425029684
92,10,30,0.03333333333333333,0.03699089071153944,10.892568025524838,0.09180571538838904
92,20,40,0.025,0.027584574889295537,11.312637215365115,0.08839671784416231
93,0,20,0.05,0.04857109572448122,12.306023275927577,0.0812610197118796
93,5,25,0.04,0.038587570085873185,11.386903988408383,0.08782018369681328
93,10,30,0.03333333333333333,0.03213557415166281,11.367377117683935,0.08797104113351935
93,20,40,0.025,0.02424497997787652,12.125017193999762,0.08247410985073607
94,0,20,0.05,0.04880566491826981,12.075860221562086,0.08280983562681912
94,5,25,0.04,0.038908977347843134,11.205577274566302,0.08924127472394801
94,10,30,0.03333333333333333,0.03243030906210321,11.209041215809888,0.08921369640335887
94,20,40,0.025,0.024315427487372008,11.93202580653396,0.08380806547136374
95,0,20,0.05,0.05600994189582772,11.799529252030785,0.08474914368536293
95,5,25,0.04,0.04497102703882458,11.164831521818265,0.08956695835900474
95,10,30,0.03333333333333333,0.03762970772657311,11.358743066429394,0.08803791001800948
95,20,40,0.025,0.02810140137811242,11.805205215556473,0.08470839614733983
96,0,20,0.05,0.05248664083089264,11.08560414227928,0.09020708183021885
96,5,25,0.04,0.042145384084378325,10.441526382204936,0.09577143833149326
96,10,30,0.03333333333333333,0.03513440537821948,10.505594856935527,0.09518737526222282
96,20,40,0.025,0.026213717762692375,11.023634037692133,0.09071418704401732
97,0,20,0.05,0.05297194260021211,12.314134727113103,0.08120749221609642
97,5,25,0.04,0.042307296684248395,11.659333629247108,0.08576819497569985
97,10,30,0.03333333333333333,0.035334359561234895,11.820934264810974,0.0845956823376338
97,20,40,0.025,0.02647912706175487,12.123995875928784,0.08248105741980821
98,0,20,0.05,0.049517634168614634,12.766706099570273,0.07832873978618964
98,5,25,0.04,0.03980272148538649,11.67583248407185,0.08564699787909755
98,10,30,0.03333333333333333,0.03295030215366226,11.868196810577512,0.08425879819491632
98,20,40,0.025,0.024718127825289014,12.61928164401146,0.07924381341267193
99,0,20,0.05,0.050922967246652684,13.656268709671432,0.07322644429893177
99,5,25,0.04,0.0408907939929704,12.721931592270003,0.07860441574828243
99,10,30,0.03333333333333333,0.03406017862406433,12.698744659677313,0.07874794137528637
99,20,40,0.025,0.025402252932462267,13.386352619309552,0.07470294772883239
100,0,20,0.05,0.04848255873064305,12.585158969697822,0.07945867051880479
100,5,25,0.04,0.03847927630698106,11.834562024212616,0.08449826854209526
100,10,30,0.03333333333333333,0.032151391427418394,11.820847833768338,0.08459630087981705
100,20,40,0.025,0.02419213303021371,12.503872513501094,0.07997522358935179
101,0,20,0.05,0.05416757957572269,13.191193130867791,0.07580815397660805
101,5,25,0.04,0.043340940359986556,12.17662770200285,0.0821245442065636
101,10,30,0.03333333333333333,0.036172505565110466,12.177853157832558,0.08211628002402209
101,20,40,0.025,0.02714385098799753,12.998788503497186,0.07693024620955718
102,0,20,0.05,0.0546665653735462,11.780795033827598,0.08488391463637056
102,5,25,0.04,0.0437065698364309,11.381341179377154,0.08786310718915863
102,10,30,0.03333333333333333,0.036318177581533086,11.18979256775238,0.08936716153987324
102,20,40,0.025,0.02731321098967499,11.768177048986047,0.08497492821848399
103,0,20,0.05,0.05102096993457082,12.707674262210068,0.07869260569369395
103,5,25,0.04,0.04085984071567516,11.802206250636557,0.08472992072529359
103,10,30,0.03333333333333333,0.034145089984239506,11.753330921769239,0.08508226362858752
103,20,40,0.025,0.02549026998332517,12.517185457575474,0.07989016407796325
104,0,20,0.05,0.05850710492956356,12.288078117965185,0.08137969098178167
104,5,25,0.04,0.046792598984552944,11.334498981607965,0.08822621993461376
104,10,30,0.03333333333333333,0.0391789262217212,11.45049882473737,0.08733243986188839
104,20,40,0.025,0.02935734473455685,12.09884661796371,0.08265250660465885
105,0,20,0.05,0.048916849608690416,11.635302262673127,0.08594533922922404
105,5,25,0.04,0.03922690763591649,10.91816880765447,0.09159045052490154
105,10,30,0.03333333333333333,0.03265401953257843,10.848487244780936,0.0921787505885751
105,20,40,0.025,0.024459863978010202,11.470459443752086,0.08718046604006748
106,0,20,0.05,0.04927554294456625,12.521790371427052,0.0798607843077982
106,5,25,0.04,0.03948091316175981,11.702210792975174,0.08545393837891717
106,10,30,0.03333333333333333,0.0327908308832781,11.775385097143275,0.08492291264789306
106,20,40,0.025,0.024584905404167415,12.22827442866276,0.08177768709999064
107,0,20,0.05,0.05285423525190378,11.401898503534392,0.08770469230979536
107,5,25,0.04,0.04214417590298818,10.347465576908197,0.09664202239354519
107,10,30,0.03333333333333333,0.03518195510629278,10.620565393256665,0.09415694579075157
107,20,40,0.025,0.026380213946039236,11.077582787179143,0.09027240140848865
108,0,20,0.05,0.05325256038195362,11.478055024506038,0.08712277453496833
108,5,25,0.04,0.04238909621880121,10.689712532493916,0.0935478851241568
108,10,30,0.03333333333333333,0.035455119950239755,10.994403770255689,0.09095536428318238
108,20,40,0.025,0.02652294790800454,11.351811374289387,0.08809166810724946
109,0,20,0.05,0.058333297917930856,11.953996549496656,0.08365403117354143
109,5,25,0.04,0.046814430808031805,11.349587278681733,0.08810893078714234
109,10,30,0.03333333333333333,0.03919415920862836,11.281821439913804,0.08863816940606005
109,20,40,0.025,0.029276760350771733,11.952220870540296,0.08366645921552446
110,0,20,0.05,0.05087301754113158,11.333824216424276,0.08823147252900411
110,5,25,0.04,0.04073933640143667,10.725067554759809,0.0932395059419647
110,10,30,0.03333333333333333,0.03379695643004711,10.796091225801645,0.09262611616416262
110,20,40,0.025,0.025405881822688405,11.233566334777553,0.08901892508562838
111,0,20,0.05,0.05776063159172174,12.082692740108826,0.08276300833840398
111,5,25,0.04,0.046697232565554775,11.62842172100892,0.08599619311994103
111,10,30,0.03333333333333333,0.039270942064802604,11.635338076463466,0.08594507468784678
111,20,40,0.025,0.0290535623344753,12.094402204531756,0.08268287949158011
112,0,20,0.05,0.05235221355380414,12.018620062626555,0.08320422767249533
112,5,25,0.04,0.04158879583840193,11.22710190444747,0.08907018111271112
112,10,30,0.03333333333333333,0.03485065228495211,11.411923428724426,0.0876276471924922
112,20,40,0.025,0.026170431161196092,11.870713512287427,0.08424093454575377
113,0,20,0.05,0.050385800600227584,11.939749692502762,0.08375384959936996
113,5,25,0.04,0.04058009919907385,11.262407600791557,0.088790961528485
113,10,30,0.03333333333333333,0.033753732586789556,11.158972929802584,0.0896139820654347
113,20,40,0.025,0.025211846073480756,11.892110766481407,0.08408936139567057
114,0,20,0.05,0.050721055409941,12.194087961486652,0.08200695313650044
114,5,25,0.04,0.04049050320855556,11.395903491913892,0.087750830876162
114,10,30,0.03333333333333333,0.03367745738461652,11.734763666880994,0.08521688449698382
114,20,40,0.025,0.02529368387490985,12.134059997643334,0.08241264673112042
115,0,20,0.05,0.05602169181975449,12.626528410439178,0.07919833286663613
115,5,25,0.04,0.04493315542942976,11.711605970780093,0.08538538629927894
115,10,30,0.03333333333333333,0.03741388985005667,11.917426110220973,0.08391073632437718
115,20,40,0.025,0.028142720076844915,12.384857241025163,0.08074376478781474
116,0,20,0.05,0.04736365799641988,13.29997792801888,0.07518809470302307
116,5,25,0.04,0.03779624426588605,12.341548868148655,0.08102710694447943
116,10,30,0.03333333333333333,0.03145059828467804,12.389994555958179,0.08071028566506623
116,20,40,0.025,0.023642641452529176,13.09490177218014,0.07636559764995567
117,0,20,0.05,0.05186492746336527,12.120196629148165,0.08250691227195728
117,5,25,0.04,0.041529281520362366,11.192903579897605,0.08934232237969017
117,10,30,0.03333333333333333,0.03448374773609409,11.386670194786166,0.0878219868401817
117,20,40,0.025,0.02594808967731031,11.960027312911754,0.08361184919037973
118,0,20,0.05,0.057894542138036895,12.369840658682874,0.08084178507975048
118,5,25,0.04,0.046374865647812076,11.419146303451667,0.08757222067447633
118,10,30,0.03333333333333333,0.038736717660531335,11.585682147138636,0.08631343302016742
118,20,40,0.025,0.02897987604945308,12.12138620955678,0.08249881512822163
119,0,20,0.05,0.054912302778459925,12.26447921610706,0.08153627906896285
119,5,25,0.04,0.04417550242833164,11.497264793875491,0.08697720874730942
119,10,30,0.03333333333333333,0.03683317221903456,11.569233620657714,0.08643614890915736
119,20,40,0.025,0.02745140813319387,12.143175777528619,0.08235078025062734
120,0,20,0.05,0.05300145107166868,12.045709543577475,0.08301711048089977
120,5,25,0.04,0.042447762174335595,11.416947251032228,0.08758908822229935
120,10,30,0.03333333333333333,0.03512435524367911,11.419810820647301,0.08756712485919427
120,20,40,0.025,0.02653585840024989,11.855624465407097,0.08434815078006624
121,0,20,0.05,0.05408340393272886,11.40874631186302,0.08765204981025672
121,5,25,0.04,0.04296615249284418,10.696688096896382,0.09348688032608406
121,10,30,0.03333333333333333,0.03560107225436223,10.690154461830675,0.09354401786901322
121,20,40,0.025,0.026990479853355447,11.275638138876067,0.08868677654280221
122,0,20,0.05,0.05408578254622927,12.52704412525504,0.07982729125891387
122,5,25,0.04,0.04345369328139378,11.488645974181997,0.0870424593330896
122,10,30,0.03333333333333333,0.036061947532684886,11.777168097348866,0.08491005577351893
122,20,40,0.025,0.027048510239587518,12.186262050826993,0.08205961728290073
123,0,20,0.05,0.046696322891755515,11.312758585660125,0.08839576946931266
123,5,25,0.04,0.03763752463343574,10.902914627232283,0.09171859398974777
123,10,30,0.03333333333333333,0.03118911523064106,10.901164067873422,0.091733322585895
123,20,40,0.025,0.023292407084877585,11.2211377796198,0.08911752262914309
124,0,20,0.05,0.050412329958634094,12.160761037152575,0.08223169561056917
124,5,25,0.04,0.04021062992084167,11.314199877988653,0.08838450891657501
124,10,30,0.03333333333333333,0.03341666879474443,11.37997781173958,0.08787363354684227
124,20,40,0.025,0.02514997295773725,11.935278173599306,0.08378522774709919
125,0,20,0.05,0.05549553548259534,11.700378056687514,0.08546732380398905
125,5,25,0.04,0.04466644660703292,11.118419588230456,0.08994084024842548
125,10,30,0.03333333333333333,0.03694943389742351,11.147472734668273,0.08970643156542854
125,20,40,0.025,0.027833222980011986,11.534875658350213,0.0866936089836469
126,0,20,0.05,0.05059226647032555,11.963919726899512,0.08358464640577735
126,5,25,0.04,0.040661643805155995,11.05571280885338,0.09045097473943092
126,10,30,0.03333333333333333,0.033652446825338043,11.155567511183254,0.08964133819256781
126,20,40,0.025,0.025292602704643972,11.773322382985727,0.08493779134470612
127,0,20,0.05,0.05379289003814783,12.109214480777148,0.08258173984674701
127,5,25,0.04,0.04294691167926484,11.26470038235421,0.08877288929641376
127,10,30,0.03333333333333333,0.03601423334732504,11.391803342277468,0.08778241424593258
127,20,40,0.025,0.026940441579159705,11.829353879586579,0.08453547084474818
128,0,20,0.05,0.051490707216924454,11.836120622604943,0.08448714168138613
128,5,25,0.04,0.04124922999630813,11.206080700295297,0.08923726561898207
128,10,30,0.03333333333333333,0.03444023326669203,11.289683711211323,0.08857644072056163
128,20,40,0.025,0.02570770293662259,11.667388030731406,0.08570898622434107
129,0,20,0.05,0.05610420738071319,12.900097521290743,0.07751879381916046
129,5,25,0.04,0.04480509174317925,11.984995718673792,0.08343766017720829
129,10,30,0.03333333333333333,0.03718045425906953,11.973699365119574,0.08351637781328358
129,20,40,0.025,0.028075049195287412,12.619464834515094,0.0792426630695885
130,0,20,0.05,0.05130119074942745,12.366317731138901,0.08086481535905862
130,5,25,0.04,0.04103282196925333,11.454346446822653,0.0873031040786611
130,10,30,0.03333333333333333,0.034037657885487786,11.584871754170523,0.08631947087718107
130,20,40,0.025,0.02574259749564232,12.165029835013057,0.08220283990770226
131,0,20,0.05,0.051210437064805284,11.964621482592683,0.08357974395219264
131,5,25,0.04,0.040735433716213396,11.299333848322206,0.08850079247357455
131,10,30,0.03333333333333333,0.0340770612018404,11.617435733841118,0.08607751511695827
131,20,40,0.025,0.025567220655065545,11.929500736098518,0.08382580479449678
132,0,20,0.05,0.053519234301367576,12.948635444072096,0.07722821484311704
132,5,25,0.04,0.04282465605691804,12.122348438218873,0.08249226666734298
132,10,30,0.03333333333333333,0.035900359320023376,12.125495544764242,0.0824708562473389
132,20,40,0.025,0.026778373541991394,12.861727571333331,0.0777500529733529
133,0,20,0.05,0.05499839527932515,12.501446957909856,0.0799907405412207
133,5,25,0.04,0.04388061616121666,11.637841918282946,0.08592658389946067
133,10,30,0.03333333333333333,0.03657492967320985,11.635979477781945,0.0859403372023324
133,20,40,0.025,0.027592219492318385,12.392778315260006,0.08069215591217646
134,0,20,0.05,0.05727061798574484,11.897270491308236,0.08405289269757865
134,5,25,0.04,0.04573135583427323,11.250043545529989,0.08888854482677383
134,10,30,0.03333333333333333,0.0383220566585483,11.358231482482095,0.08804187531679639
134,20,40,0.025,0.028703932673765836,11.744126833257795,0.0851489441657028
135,0,20,0.05,0.05874450773997272,11.347354771868202,0.08812626555742756
135,5,25,0.04,0.046776220971043954,10.812641050134822,0.09248434266552584
135,10,30,0.03333333333333333,0.03919984664631095,10.8535535649187,0.09213572255562831
135,20,40,0.025,0.02935593146837095,11.326041141325426,0.08829210379179105
136,0,20,0.05,0.050554205220019216,11.513160075896595,0.08685712640212069
136,5,25,0.04,0.04029075257228067,10.718526271880727,0.09329640797946516
136,10,30,0.03333333333333333,0.03358616386255674,10.849651790935354,0.09216885659275056
136,20,40,0.025,0.02520790076640965,11.39205753571942,0.08778045553795116
137,0,20,0.05,0.05735272834879903,12.322322243668681,0.08115353423043363
137,5,25,0.04,0.04593267678977262,11.593455917643139,0.08625555719569186
137,10,30,0.03333333333333333,0.0384410929572122,11.664020517613482,0.08573373121985944
137,20,40,0.025,0.028750887120993107,12.259266711586728,0.0815709473923803
138,0,20,0.05,0.045322134769336636,11.676186064952145,0.0856444042975345
138,5,25,0.04,0.03652060210033608,10.819018487171318,0.09242982634568495
138,10,30,0.03333333333333333,0.030416808949290875,10.854445385115833,0.09212815252368867
138,20,40,0.025,0.02260537042073455,11.513927164707392,0.086851339746634
139,0,20,0.05,0.058604095022601214,12.784994846822991,0.07821669167496732
139,5,25,0.04,0.047000688832800556,12.110823118928307,0.08257077080393281
139,10,30,0.03333333333333333,0.03918709198346393,11.94184490824164,0.08373915485285294
139,20,40,0.025,0.029427698514097038,12.600930487659115,0.07935921882747969
140,0,20,0.05,0.053419442178966485,12.360954472807364,0.08089990155694543
140,5,25,0.04,0.04258780248927614,11.567842518572698,0.08644654337180459
140,10,30,0.03333333333333333,0.03537443621878441,11.488158607297457,0.08704615197119445
140,20,40,0.025,0.026798999746290207,12.176935410299434,0.08212246893862844
141,0,20,0.05,0.05539096357082091,12.031159253355792,0.08311751003720401
141,5,25,0.04,0.04449191540050765,11.176873025079525,0.08947046260220755
141,10,30,0.03333333333333333,0.036934138036839696,11.412760786672825,0.08762121792368971
141,20,40,0.025,0.02775721618677381,11.905442001350657,0.08399520151259829
142,0,20,0.05,0.044560784793784905,12.227133693445106,0.08178531658127645
142,5,25,0.04,0.03561190651351067,11.361286853541397,0.08801819836881353
142,10,30,0.03333333333333333,0.029679897242107185,11.45871554069098,0.08726981627643218
142,20,40,0.025,0.022168343747502515,12.038481334107498,0.08306695605921603
143,0,20,0.05,0.05382697604486661,11.453021312623184,0.0873132051974643
143,5,25,0.04,0.0430857286899618,10.863096985718784,0.09205477971103952
143,10,30,0.03333333333333333,0.035771524948333494,11.09849959407421,0.09010226936746721
143,20,40,0.025,0.0269703314452822,11.41407246862669,0.08761114867183924
144,0,20,0.05,0.054512391952360364,11.610360108673396,0.0861299727691444
144,5,25,0.04,0.04391886647643242,11.024815325365893,0.09070446719403999
144,10,30,0.03333333333333333,0.0364633267782383,11.144708833472457,0.08972867886835775
144,20,40,0.025,0.027320688394364637,11.511156149807492,0.08687224697379538
145,0,20,0.05,0.06463679347068921,12.131731347183978,0.08242846559836824
145,5,25,0.04,0.05192629951003018,11.351322659379246,0.08809546076762526
145,10,30,0.03333333333333333,0.043148732666778086,11.382518515749497,0.0878540191800561
145,20,40,0.025,0.03251178832907545,12.005429235581472,0.08329564735896475
146,0,20,0.05,0.05500782818556999,11.766209062782487,0.08498914090886626
146,5,25,0.04,0.044033888966461945,10.982251752933132,0.09105600768375399
146,10,30,0.03333333333333333,0.03665246311124208,11.109229269761954,0.09001524549699277
146,20,40,0.025,0.027515597904132844,11.669272139789491,0.08569514773678417
147,0,20,0.05,0.05243895994170645,13.485912155457985,0.07415145438236319
147,5,25,0.04,0.04241023363112257,12.539402781286048,0.07974861462241342
147,10,30,0.03333333333333333,0.03505101936711757,12.558060547158558,0.07963013048430193
147,20,40,0.025,0.026222758383442568,13.258713907968612,0.07542209651261805
148,0,20,0.05,0.05231611877238549,11.190428542642582,0.08936208262171283
148,5,25,0.04,0.04186212399356698,10.718901636730372,0.09329314083574647
148,10,30,0.03333333333333333,0.03484501556805818,10.520500714067124,0.09505251006379237
148,20,40,0.025,0.02618589666406994,11.15640130584566,0.08963463867833674
149,0,20,0.05,0.057628852616154115,11.295817305440925,0.08852834398431036
149,5,25,0.04,0.04594435918794792,10.55392964659457,0.09475143699888784
149,10,30,0.03333333333333333,0.03851521981640878,10.57678086385912,0.09454672578279483
149,20,40,0.025,0.028871816060675203,11.112281451955067,0.08999052123756841
150,0,20,0.05,0.05515372746408641,12.851460485909529,0.07781216781519969
150,5,25,0.04,0.04399634180446769,11.903648488616644,0.08400785699916218
150,10,30,0.03333333333333333,0.03689160777214237,12.03825878274351,0.08306849171854244
150,20,40,0.025,0.02761867677107482,12.69627721664114,0.07876324555116752
151,0,20,0.05,0.051453583237204496,11.676364912992616,0.08564309247369206
151,5,25,0.04,0.04083972738860041,10.915770417712315,0.09161057458458129
151,10,30,0.03333333333333333,0.03402449201300777,10.935657031982196,0.09144397973303485
151,20,40,0.025,0.02575874469750563,11.42052774884057,0.08756162779793794
152,0,20,0.05,0.05629897020804832,12.418275149532954,0.08052648117058427
152,5,25,0.04,0.04545881041481913,11.508554962840773,0.08689188201549501
152,10,30,0.03333333333333333,0.03795769256235543,11.685694074670863,0.08557472013301579
152,20,40,0.025,0.028226437672223208,12.198174388579858,0.08197948054720527
153,0,20,0.05,0.05303209889649191,12.338885900847044,0.08104459414211389
153,5,25,0.04,0.04236919100613238,11.810431145629845,0.08467091401400913
153,10,30,0.03333333333333333,0.03546806879104376,11.551843812241042,0.08656626736420542
153,20,40,0.025,0.026472789612798475,12.373734578085463,0.08081634478979796
154,0,20,0.05,0.05246929802944187,11.376552457648383,0.08790009132579583
154,5,25,0.04,0.04208297050925772,10.654430561184359,0.09385766740487714
154,10,30,0.03333333333333333,0.03502563134243202,10.821351512911162,0.09240989896750704
154,20,40,0.025,0.026248414859060584,11.174537230327518,0.08948916446275876
155,0,20,0.05,0.05115665815718838,12.817772613314789,0.07801667498464003
155,5,25,0.04,0.04081412162486495,11.762711529234664,0.08501441164434172
155,10,30,0.03333333333333333,0.03415418510750356,12.070836154355792,0.08284430235093096
155,20,40,0.025,0.025494534112400578,12.66918606874985,0.07893166889912735
156,0,20,0.05,0.05159605799892708,11.854746480870839,0.0843543977607306
156,5,25,0.04,0.04134348078592728,11.062565473068043,0.09039494522626897
156,10,30,0.03333333333333333,0.03443813317649878,11.11659665251461,0.0899555890402659
156,20,40,0.025,0.025734555460746447,11.820990060994195,0.08459528303806862
157,0,20,0.05,0.04998401738264743,11.763021646489946,0.08501217034641752
157,5,25,0.04,0.03969265082641379,10.993141197187457,0.090965810596142
157,10,30,0.03333333333333333,0.03341476792140238,11.198106221564167,0.08930081392461721
157,20,40,0.025,0.02499022231346097,11.653557037731494,0.08581070970539156
158,0,20,0.05,0.059794929766638645,10.830544858088437,0.09233145821405124
158,5,25,0.04,0.047695501015915735,10.313203339570121,0.09696308383285328
158,10,30,0.03333333333333333,0.04008826548163198,10.541484785102275,0.09486329681120892
158,20,40,0.025,0.030052688569495264,10.681235406947266,0.09362212907971133
159,0,20,0.05,0.05577146256556981,11.212305315990294,0.08918772472007715
159,5,25,0.04,0.04492317800951251,10.494433371871263,0.09528861297841466
159,10,30,0.03333333333333333,0.03730794901360916,10.577993824125747,0.09453588427318338
159,20,40,0.025,0.02793049564216541,11.014667172262575,0.0907880360214811
160,0,20,0.05,0.05539415852208511,12.867929792285933,0.07771257818017316
160,5,25,0.04,0.044281344120530704,12.135197941704888,0.08240491871692608
160,10,30,0.03333333333333333,0.036884640324629174,12.156262230046737,0.08226212803539985
160,20,40,0.025,0.02771471969539789,12.63399629212478,0.07915151919296792
161,0,20,0.05,0.05229272613536427,12.18078900233169,0.08209648815102014
161,5,25,0.04,0.04189921460607727,11.146760687915332,0.08971216194532118
161,10,30,0.03333333333333333,0.03494121764754312,11.214066245248297,0.08917371969545186
161,20,40,0.025,0.0261166994836913,11.912238444603593,0.08394727864543491
162,0,20,0.05,0.04879902718637651,11.33460879135827,0.0882253651985254
162,5,25,0.04,0.038969267700370444,10.816679820832269,0.09244981053003536
162,10,30,0.03333333333333333,0.03230761281849056,10.56455685428926,0.09465612365879741
162,20,40,0.025,0.024390681948901382,11.255472751242726,0.08884566842290913
163,0,20,0.05,0.05402082856597399,11.919813657372003,0.08389392894422755
163,5,25,0.04,0.04326856778217743,11.244073814709065,0.08893573774763365
163,10,30,0.03333333333333333,0.035861601655311534,11.270388172283182,0.08872808857278405
163,20,40,0.025,0.027094395137346673,11.789599837094835,0.08482052095216978
164,0,20,0.05,0.052055493469157985,12.061024385436774,0.0829116970534826
164,5,25,0.04,0.04191752684972825,11.569983556466873,0.0864305463460287
164,10,30,0.03333333333333333,0.035019038480300364,11.579294338119809,0.08636104850603317
164,20,40,0.025,0.02599755119221351,12.009286478534234,0.08326889376712185
165,0,20,0.05,0.05629143183198148,12.404629089001515,0.08061506658725036
165,5,25,0.04,0.04515488309756609,11.765241354171494,0.08499613139219105
165,10,30,0.03333333333333333,0.03762710146804328,11.631369031545146,0.08597440226407785
165,20,40,0.025,0.02824904805783001,12.214401993313825,0.08187056562796942
166,0,20,0.05,0.054493602817037995,11.706289846272496,0.08542416197890564
166,5,25,0.04,0.04363621303286503,10.865029708213576,0.09203840457463595
166,10,30,0.03333333333333333,0.03648307304489733,11.048525327371904,0.09050981650216922
166,20,40,0.025,0.02725721365580066,11.558477047365022,0.08651658829291609
167,0,20,0.05,0.04798054101582032,11.983965561442899,0.08344483258675166
167,5,25,0.04,0.03842190919556119,11.303399944522482,0.08846895667746325
167,10,30,0.03333333333333333,0.03196408835578576,11.348593696077401,0.08811664482671948
167,20,40,0.025,0.023938528590946823,11.952514086790424,0.08366440672972486
168,0,20,0.05,0.05402173709456229,11.863624301660968,0.08429127343993816
168,5,25,0.04,0.0434075435763472,11.01900860964609,0.09075226596379964
168,10,30,0.03333333333333333,0.036234976060787905,10.931334165773519,0.09148014184133564
168,20,40,0.025,0.026981235191557255,11.620278613909807,0.08605645640914077
169,0,20,0.05,0.054917961630748205,11.189321599898806,0.08937092307803932
169,5,25,0.04,0.043970555917907404,10.597237271337788,0.09436421723845773
169,10,30,0.03333333333333333,0.03653654584214519,10.682203544315938,0.09361364402498264
169,20,40,0.025,0.027462271021122628,10.989503231729694,0.09099592392063066
170,0,20,0.05,0.05117244385166293,12.603419878155965,0.07934354402753678
170,5,25,0.04,0.041146332009346184,11.699299548725095,0.0854752026679215
170,10,30,0.03333333333333333,0.03408873889465014,11.947496386244628,0.0836995440443337
170,20,40,0.025,0.0256376449544667,12.458822385316031,0.08026440774840807
171,0,20,0.05,0.05701308165827568,11.408409369929469,0.08765463857177334
171,5,25,0.04,0.04536896265937984,11.033493781942097,0.0906331230853317
171,10,30,0.03333333333333333,0.03791872803300936,10.871917811667245,0.09198009195092016
171,20,40,0.025,0.028580185371959665,11.384048076183152,0.08784221511609079
172,0,20,0.05,0.05811507386359433,12.300624690500191,0.08129668412469351
172,5,25,0.04,0.04641356977865175,11.615968794087648,0.08608838554292474
172,10,30,0.03333333333333333,0.03876051956297268,11.669488589010964,0.08569355823713556
172,20,40,0.025,0.029141961749601042,12.132310660029479,0.08242452967302852
173,0,20,0.05,0.05210573946588384,12.066353494659097,0.08287507907360975
173,5,25,0.04,0.041752802629232616,11.400759528229454,0.08771345431187257
173,10,30,0.03333333333333333,0.034689684233677076,11.474018174727554,0.08715342653043553
173,20,40,0.025,0.02608744121222522,11.913881136967644,0.08393570394932805
174,0,20,0.05,0.0561362577099503,11.86699318045167,0.08426734428796048
174,5,25,0.04,0.04472905152938336,11.076911468136327,0.09027787239038468
174,10,30,0.03333333333333333,0.03728940968455712,11.234048710360613,0.08901510272763452
174,20,40,0.025,0.02811891150491293,11.735199322087194,0.08521372092230832
175,0,20,0.05,0.04538163892140467,11.975986729481562,0.08350042652755092
175,5,25,0.04,0.03629718892724607,11.184210880205903,0.08941176187672079
175,10,30,0.03333333333333333,0.03028645150730638,11.092830400258862,0.09014831777980344
175,20,40,0.025,0.02258399185732805,11.687256397488275,0.08556328072129156
176,0,20,0.05,0.053408568631632666,12.33915423657381,0.08104283169068062
176,5,25,0.04,0.04269879208476154,11.155109690872091,0.08964501719048729
176,10,30,0.03333333333333333,0.03578449894243586,11.325175687620149,0.0882988509479042
176,20,40,0.025,0.02668804550862188,12.070143451447434,0.08284905676743066
177,0,20,0.05,0.05343374063403219,9.981537655108326,0.10018496493756375
177,5,25,0.04,0.042933511675365986,9.400066063059,0.10638223107068003
177,10,30,0.03333333333333333,0.03549417853150613,9.332475117577433,0.107152710015431
177,20,40,0.025,0.02673875750099659,9.842104539880264,0.10160428554157236
178,0,20,0.05,0.051382133005019495,11.054915691157657,0.09045749673150888
178,5,25,0.04,0.04129277855401175,10.282151309245016,0.09725591171770323
178,10,30,0.03333333333333333,0.03414250714131469,10.351960757031927,0.09660005707814488
178,20,40,0.025,0.025670371521962998,10.938213239749661,0.09142260971526704
179,0,20,0.05,0.05811008501119317,11.291128956307366,0.08856510308841947
179,5,25,0.04,0.046149242489226555,10.534347903122695,0.09492756544556215
179,10,30,0.03333333333333333,0.038785468431414845,10.753837612442904,0.09299005955259484
179,20,40,0.025,0.02905051551783114,11.187722908203423,0.08938369391207819
180,0,20,0.05,0.048386767750678336,11.099891406145883,0.09009097147079398
180,5,25,0.04,0.03829776924993556,10.625679911391288,0.09411162469970015
180,10,30,0.03333333333333333,0.03207014823129173,10.646681384039708,0.09392598162081624
180,20,40,0.025,0.0240863979231138,10.941237274483388,0.0913973415357832
181,0,20,0.05,0.053328822671921405,11.453707151167269,0.08730797695470048
181,5,25,0.04,0.04290106879561194,10.795116267889698,0.09263448166598456
181,10,30,0.03333333333333333,0.03564585059815889,10.944145790518478,0.091373051779551
181,20,40,0.025,0.026741819271907975,11.260568674722462,0.08880546168549937
182,0,20,0.05,0.056217838699313835,11.666796105060333,0.08571333474888294
182,5,25,0.04,0.044707233924528196,10.970645217229272,0.09115234156232775
182,10,30,0.03333333333333333,0.03721819230192213,10.930390438692006,0.09148804021310566
182,20,40,0.025,0.028104348541947415,11.641935451699162,0.08589637042301658
183,0,20,0.05,0.0469883531723442,11.335248472899977,0.08822038638065804
183,5,25,0.04,0.0374431019271715,10.771903270058871,0.09283410507217957
183,10,30,0.03333333333333333,0.031044914241209375,10.540647772418998,0.09487082972420656
183,20,40,0.025,0.023442702926161536,11.207056589930442,0.08922949500393365
184,0,20,0.05,0.053424444970183095,10.992599975691377,0.09097028930474706
184,5,25,0.04,0.042512300629887194,10.529454047732207,0.0949716856606992
184,10,30,0.03333333333333333,0.035415148074527156,10.362364046347754,0.0965030755074131
184,20,40,0.025,0.026658325565607568,10.984952454096094,0.09103362114481595
185,0,20,0.05,0.0526230009402909,11.925449987494837,0.08385427812356024
185,5,25,0.04,0.04246696934878576,11.224312974936916,0.08909231257475875
185,10,30,0.03333333333333333,0.03527690887379905,11.273133983240188,0.088706476964321
185,20,40,0.025,0.026361930531598136,11.896217352489822,0.08406033366486068
186,0,20,0.05,0.04606591597006271,11.811178658506181,0.08466555531101204
186,5,25,0.04,0.03681293864435488,11.007906397842875,0.09084379570996001
186,10,30,0.03333333333333333,0.030583699235474975,10.922589688792794,0.09155337960063241
186,20,40,0.025,0.02296331311945372,11.471971261361407,0.08716897708487874
187,0,20,0.05,0.04995194793296918,12.411162364997747,0.08057263055555727
187,5,25,0.04,0.039935559910296126,11.589220580093153,0.086287079712479
187,10,30,0.03333333333333333,0.03343185936019703,11.526802347105974,0.08675432872769517
187,20,40,0.025,0.025024139900133704,12.240420039792884,0.08169654282688495
188,0,20,0.05,0.04836192443694932,12.024570316586995,0.08316305478463333
188,5,25,0.04,0.03866657085018044,11.453696272580943,0.08730805987879255
188,10,30,0.03333333333333333,0.03210333067973322,11.504272393060766,0.0869242283069712
188,20,40,0.025,0.024114218057937564,11.904857359523536,0.08399932647660237
189,0,20,0.05,0.0552862872227847,11.960890672558552,0.08360581392941452
189,5,25,0.04,0.04443303352255149,11.293067486864134,0.08854990029619318
189,10,30,0.03333333333333333,0.03723492797780901,11.272008786234426,0.08871533184229038
189,20,40,0.025,0.027734366004945665,11.82494042892798,0.0845670222197185
190,0,20,0.05,0.04779848241039646,11.250569506153813,0.08888438931496065
190,5,25,0.04,0.03797840672372544,10.489421359512225,0.09533414339325402
190,10,30,0.03333333333333333,0.031782775689654076,10.562541806318691,0.0946741814931121
190,20,40,0.025,0.02380410217409566,11.095060651270895,0.09013019679937072
191,0,20,0.05,0.0525296972780098,12.364875341343852,0.08087424841691263
191,5,25,0.04,0.04222916258970853,11.623874855628367,0.08602983191235859
191,10,30,0.03333333333333333,0.03527373463603513,11.215575838332237,0.08916171709902151
191,20,40,0.025,0.02633147179949339,12.196201118248482,0.08199274432296438
192,0,20,0.05,0.05240548644691859,12.111429732712153,0.08256663515943684
192,5,25,0.04,0.04199450921606124,11.399188803873551,0.08772554058058855
192,10,30,0.03333333333333333,0.03498429394275187,11.372723241631078,0.08792968744191297
192,20,40,0.025,0.026214996760761288,11.84095746170463,0.08445263005412736
193,0,20,0.05,0.04894172540095723,12.325921242156243,0.08112983852110549
193,5,25,0.04,0.03925921797688723,11.163502623142076,0.08957762037221077
193,10,30,0.03333333333333333,0.03244738153183399,11.362098657180026,0.08801190961038455
193,20,40,0.025,0.024475979701525374,12.107144218517163,0.08259586091908933
194,0,20,0.05,0.048213572137954866,12.039790891332295,0.08305792094112877
194,5,25,0.04,0.03871010266695007,11.316480479449451,0.0883666968556155
194,10,30,0.03333333333333333,0.03216129156933271,11.193720303729133,0.08933580372441992
194,20,40,0.025,0.02405168845278547,11.972831407487238,0.08352243224394254
195,0,20,0.05,0.05075919213882187,11.024266647821506,0.09070898155367178
195,5,25,0.04,0.04038195933464423,10.057403012257296,0.0994292461763008
195,10,30,0.03333333333333333,0.03358483549062264,10.367358142332812,0.09645658867679331
195,20,40,0.025,0.02536082357014531,10.759422855075407,0.0929417881859976
196,0,20,0.05,0.057492945216373235,12.181517535517973,0.08209157825240358
196,5,25,0.04,0.0460356973020432,11.68496017300706,0.08558009485646843
196,10,30,0.03333333333333333,0.038569529925758704,11.759377645778084,0.0850385139522265
196,20,40,0.025,0.028814118635498626,12.11315872185854,0.08255484989191725
197,0,20,0.05,0.05291674905868586,12.007860357442835,0.08327878324968775
197,5,25,0.04,0.04213597605544241,11.193932443783309,0.08933411069095405
197,10,30,0.03333333333333333,0.035252146103758035,11.283748262722469,0.08862303347404939
197,20,40,0.025,0.02644840902951106,11.812337441032502,0.08465724967577554
198,0,20,0.05,0.06167204772220953,11.321895580751352,0.08832443232387038
198,5,25,0.04,0.0495786058761039,10.798539037791114,0.09260511968335247
198,10,30,0.03333333333333333,0.04145586968028488,10.640105325853106,0.09398403205372609
198,20,40,0.025,0.031052952768750943,11.182200803500882,0.08942783424949083
199,0,20,0.05,0.05514326500363612,12.087663928355346,0.08272897111692454
199,5,25,0.04,0.0439109337099133,11.272249754419306,0.08871343536439548
199,10,30,0.03333333333333333,0.03653238805309551,11.415579035300429,0.08759958622402746
199,20,40,0.025,0.027668293701628655,11.975169420014371,0.08350612546062834
200,0,20,0.05,0.056976731226576476,11.459615079768724,0.08726296590584802
200,5,25,0.04,0.045527167507895996,10.491676091966944,0.09531365543830121
200,10,30,0.03333333333333333,0.03773230599746253,10.723367552636319,0.09325428743269665
200,20,40,0.025,0.028580267125654077,11.28608410978215,0.08860469142997575
201,0,20,0.05,0.05425844863391006,12.573487681993203,0.07953242769960511
201,5,25,0.04,0.04326926659034363,11.532203520761389,0.08671369684030492
201,10,30,0.03333333333333333,0.03617883940472452,11.814169458827946,0.08464412191521142
201,20,40,0.025,0.027135073230481272,12.321766769118208,0.08115719269303812
202,0,20,0.05,0.05289441796958331,12.016085414934961,0.0832217785966373
202,5,25,0.04,0.04254739442246327,11.478752251454647,0.08711748264043898
202,10,30,0.03333333333333333,0.035220154312806944,11.385206292132633,0.0878332789359308
202,20,40,0.025,0.026476280030451913,11.980223172806296,0.08347089912898141
203,0,20,0.05,0.05224042820008561,11.075423760289599,0.0902899989782289
203,5,25,0.04,0.04176570781585261,10.3058099284043,0.0970326453667514
203,10,30,0.03333333333333333,0.03496966888185068,10.672165739318999,0.09370169321075508
203,20,40,0.025,0.02608550966500187,11.03427199995209,0.09062673097095504
204,0,20,0.05,0.05391195209043895,11.825794412107616,0.08456091533065795
204,5,25,0.04,0.043021175185916714,10.9803536721688,0.09107174776479524
204,10,30,0.03333333333333333,0.03583136789271827,11.122859108146066,0.08990494173100047
204,20,40,0.025,0.02700423530835223,11.628520985138033,0.08599545903370356
205,0,20,0.05,0.051353908654622235,11.96122999328484,0.08360344216785486
205,5,25,0.04,0.04090703287765114,11.190258235429495,0.08936344264459406
205,10,30,0.03333333333333333,0.03401781107906403,11.079989965030375,0.0902527893216606
205,20,40,0.025,0.025659194487340147,11.755403466093474,0.08506726314280368
206,0,20,0.05,0.0542412839379605,11.94472489441442,0.08371896455041998
206,5,25,0.04,0.0435733239772457,11.113152651723981,0.08998346655886799
206,10,30,0.03333333333333333,0.036393961201251775,10.967062566735056,0.09118211863158035
206,20,40,0.025,0.027083847464172726,11.667372636032644,0.08570909931441416
207,0,20,0.05,0.05353894723460549,12.21054349973364,0.08189643647081016
207,5,25,0.04,0.042961181227378256,11.475499708643339,0.08714217466685138
207,10,30,0.03333333333333333,0.035647999392347564,11.310590599815425,0.0884127129503139
207,20,40,0.025,0.02680302535575025,12.179564946353517,0.08210473891346944
208,0,20,0.05,0.05506751954452948,12.294383132929074,0.08133795646254235
208,5,25,0.04,0.0434459754198925,11.674296230579683,0.08565826840855702
208,10,30,0.03333333333333333,0.0365773994002749,11.736190530524688,0.08520652399082117
208,20,40,0.025,0.027458427005071066,12.181458305925522,0.0820919774041801
209,0,20,0.05,0.049050539269845726,12.362313989641699,0.08089100477773768
209,5,25,0.04,0.03889430312281319,11.650746186637537,0.08583141233880101
209,10,30,0.03333333333333333,0.032450429112079536,11.761059354045676,0.08502635433567564
209,20,40,0.025,0.024447639572743256,12.371862639705745,0.08082857279635819
210,0,20,0.05,0.049126475308444696,11.503043073443665,0.08693351781917913
210,5,25,0.04,0.03927135092405929,10.817108404646124,0.09244614758325652
210,10,30,0.03333333333333333,0.03255309074457219,11.04727518700328,0.09052005884459761
210,20,40,0.025,0.02459136332695429,11.354870251466497,0.08806793718059866
211,0,20,0.05,0.047897594716851066,11.600172301543344,0.08620561608959508
211,5,25,0.04,0.03803766478612713,10.76780347803891,0.09286945123390433
211,10,30,0.03333333333333333,0.03179031954988075,10.952330195745997,0.09130477095991964
211,20,40,0.025,0.023827007337839712,11.442021917072099,0.08739714075428814
212,0,20,0.05,0.05338847380201927,11.506062819703809,0.08691070226798416
212,5,25,0.04,0.04274119398687952,10.749320852151726,0.09302913307307473
212,10,30,0.03333333333333333,0.035676716824240555,10.869154593838934,0.09200347564904814
212,20,40,0.025,0.02663721718030955,11.339504656285918,0.0881872736341849
213,0,20,0.05,0.04912420015714583,12.189480420310295,0.08203795121027349
213,5,25,0.04,0.03928806132889242,11.415801942271447,0.0875978757389887
213,10,30,0.03333333333333333,0.032651127707811235,11.40955558275468,0.08764583271862758
213,20,40,0.025,0.02452134866641224,12.072286142773155,0.08283435201696498
214,0,20,0.05,0.057711162477504345,12.289255532808976,0.08137189411761123
214,5,25,0.04,0.046317235439350346,11.324225298577453,0.08830626145575007
214,10,30,0.03333333333333333,0.03849469415157442,11.797483463931446,0.08476383993733148
214,20,40,0.025,0.02899936225504182,12.253043967504098,0.08161237343570037
215,0,20,0.05,0.05299951394119017,11.625501994141805,0.08601779093099884
215,5,25,0.04,0.04221048493118477,10.77389816362146,0.09281691592153189
215,10,30,0.03333333333333333,0.03510282053786906,10.68003580097232,0.09363264493073695
215,20,40,0.025,0.02649990510216231,11.465182595187331,0.08722059083644806
216,0,20,0.05,0.0495536857687869,11.635598938459099,0.0859431478593426
216,5,25,0.04,0.039389067495572166,10.682547237324016,0.09361063216327986
216,10,30,0.03333333333333333,0.03284379651823784,10.84000074421291,0.09225091617580049
216,20,40,0.025,0.024777767530690022,11.56002873926297,0.08650497525179654
217,0,20,0.05,0.055431007556381334,12.45899347555758,0.08026330553602339
217,5,25,0.04,0.04430750512591967,11.60607820256056,0.08616174926163928
217,10,30,0.03333333333333333,0.036682625773463866,11.883383124733925,0.08415112005592183
217,20,40,0.025,0.027803238740115095,12.373436541012346,0.0808182914007319
218,0,20,0.05,0.054503261894641254,12.060566214271809,0.08291484680185704
218,5,25,0.04,0.04354554503645464,11.176382995087945,0.0894743854464815
218,10,30,0.03333333333333333,0.036644078052723524,10.97023669973038,0.09115573595823848
218,20,40,0.025,0.027295473120446632,11.742121794272967,0.08516348386777373
219,0,20,0.05,0.05322567412491025,11.46786000729506,0.08720022736272234
219,5,25,0.04,0.042512948292408745,10.565602730291655,0.09464675376568846
219,10,30,0.03333333333333333,0.035554302614334586,10.722886323056303,0.09325847256720464
219,20,40,0.025,0.026655612187362017,11.250071785563769,0.08888832169793018
220,0,20,0.05,0.05818459696537138,12.071030509769708,0.08284296847652306
220,5,25,0.04,0.046704415366278285,11.48488859785419,0.08707093599382737
220,10,30,0.03333333333333333,0.03890595283647181,11.563063229303042,0.08648227378587763
220,20,40,0.025,0.02921196308036217,12.03075636525218,0.08312029349112654
221,0,20,0.05,0.053932286802601294,11.328513054054966,0.08827283821172423
221,5,25,0.04,0.0430876715773692,10.691247612516872,0.09353445325026812
221,10,30,0.03333333333333333,0.03588396233935234,10.5087490334861,0.09515880499320165
221,20,40,0.025,0.02688367906240557,11.33866791710697,0.08819378143099786
222,0,20,0.05,0.05202513170913349,12.652867879424173,0.07903346573516182
222,5,25,0.04,0.04169722031572253,11.946788938426948,0.08370450044392193
222,10,30,0.03333333333333333,0.03461662668294032,11.973243411241505,0.08351955820601746
222,20,40,0.025,0.025951092607034706,12.547770940842423,0.07969542994644933
223,0,20,0.05,0.057139925583645335,11.170911616945434,0.08951820892424528
223,5,25,0.04,0.0460270899463612,10.658837905789229,0.09381885800673084
223,10,30,0.03333333333333333,0.038142343612562676,10.569738763914769,0.09460971764165199
223,20,40,0.025,0.0286811629710464,10.969832102689017,0.09115909802802466
224,0,20,0.05,0.04666814178145746,12.31297240498477,0.08121515805518749
224,5,25,0.04,0.03722848235747014,11.594068779359134,0.08625099773259025
224,10,30,0.03333333333333333,0.031087068137286983,11.476377721218554,0.08713550776140022
224,20,40,0.025,0.0232303835878733,12.183399470183737,0.08207889780248001
225,0,20,0.05,0.0511425100180115,11.673798430309919,0.08566192109361714
225,5,25,0.04,0.04105127690049888,10.920688920452603,0.09156931465442342
225,10,30,0.03333333333333333,0.03406251035288162,10.980908983483054,0.09106714221055388
225,20,40,0.025,0.025519670393121533,11.523021329555075,0.08678279518889095
226,0,20,0.05,0.057959275480803395,11.51665062140419,0.08683080114816169
226,5,25,0.04,0.046152883898423036,10.70532445639115,0.09341146119144417
226,10,30,0.03333333333333333,0.038583244741254415,10.681063800035531,0.09362363325614378
226,20,40,0.025,0.02900633493943439,11.258416702422753,0.08882243626537692
227,0,20,0.05,0.05030903425628831,12.737807466952313,0.07850644646611722
227,5,25,0.04,0.039773460369080055,11.942309214115317,0.08373589915240523
227,10,30,0.03333333333333333,0.03298662235123508,11.921295768168779,0.08388349886176923
227,20,40,0.025,0.025038064115510066,12.777446762135197,0.07826289701033301
228,0,20,0.05,0.05176138968683811,13.106056169336517,0.07630060386431445
228,5,25,0.04,0.04159057965192243,11.904360072293459,0.0840028354256041
228,10,30,0.03333333333333333,0.03451217720590235,11.860405318474854,0.0843141505832274
228,20,40,0.025,0.025871805340793055,12.95622095672394,0.07718299983769775
229,0,20,0.05,0.047911518416843685,12.38609239929788,0.08073571290786481
229,5,25,0.04,0.03859281793796191,11.598181106446928,0.08622041601369228
229,10,30,0.03333333333333333,0.0321381234823703,11.734721095164009,0.08521719365039784
229,20,40,0.025,0.023901353004618934,12.396675469528887,0.08066678864490781
230,0,20,0.05,0.05733530550551072,12.779464375832932,0.07825054091399058
230,5,25,0.04,0.04581864130071577,11.93820307424917,0.0837647000792783
230,10,30,0.03333333333333333,0.038338518012349596,12.127385725311667,0.08245800229746553
230,20,40,0.025,0.02866632841045323,12.607186502759001,0.07931983871113166
231,0,20,0.05,0.05036992706412337,10.673724854603206,0.09368800616672583
231,5,25,0.04,0.04031174886681489,10.063089549291083,0.09937305984427489
231,10,30,0.03333333333333333,0.0333575439334363,9.97438684953929,0.1002567892227069
231,20,40,0.025,0.02511696453043423,10.589115722109991,0.0944365918970937
232,0,20,0.05,0.0507906315490728,10.836841929892143,0.09227780625291014
232,5,25,0.04,0.04053656931143947,9.974341403070714,0.10025724602650343
232,10,30,0.03333333333333333,0.03387106678564745,10.205930451306102,0.09798224716219041
232,20,40,0.025,0.025372350152786,10.681738856964603,0.09361771649641011
233,0,20,0.05,0.0581274001056811,12.374073508362116,0.08081413120135603
233,5,25,0.04,0.0465062961167335,11.535926511789476,0.08668571171791194
233,10,30,0.03333333333333333,0.03890726925227208,11.617950322934185,0.0860737025210006
233,20,40,0.025,0.029119584429233986,12.199174839480415,0.08197275743304223
234,0,20,0.05,0.04797760517266759,11.988557109459936,0.08341287369861378
234,5,25,0.04,0.03846062532828697,11.333958672535093,0.08823042582846542
234,10,30,0.03333333333333333,0.03207271418642302,11.222687604847929,0.08910521572105636
234,20,40,0.025,0.023993575777004107,11.754354740340622,0.08507485286010873
235,0,20,0.05,0.05878496312582629,12.269362823797628,0.08150382496313519
235,5,25,0.04,0.04659192577141871,11.496626376624837,0.08698203866424843
235,10,30,0.03333333333333333,0.03922009971462462,11.49008595390154,0.08703155085279783
235,20,40,0.025,0.029491711941522777,12.174273165860708,0.08214042730733331
236,0,20,0.05,0.05886895416058248,11.930965556379949,0.0838155131095204
236,5,25,0.04,0.04707088519110825,11.157240990193026,0.08962789285263072
236,10,30,0.03333333333333333,0.03913247451107194,11.225063819319521,0.08908635319105218
236,20,40,0.025,0.029490366404456986,11.753858118448441,0.08507844742743961
237,0,20,0.05,0.05139356438393387,11.825337766539361,0.08456418072298717
237,5,25,0.04,0.0410208846456265,11.24720982441463,0.0889109401897413
237,10,30,0.03333333333333333,0.03426079431274892,11.288964584432055,0.08858208319468386
237,20,40,0.025,0.02565162514131348,11.654633345318405,0.08580278507017072
238,0,20,0.05,0.046798613093788584,12.174567950847685,0.0821384384265047
238,5,25,0.04,0.037079236580140375,11.273573810130854,0.08870301617233062
238,10,30,0.03333333333333333,0.031025885143697775,11.3487457364643,0.08811546431839876
238,20,40,0.025,0.0232825468027587,11.891446138089762,0.08409406125945247
239,0,20,0.05,0.04608424572500449,11.161472752508335,0.08959391132100095
239,5,25,0.04,0.036985002438470076,10.649903771191433,0.09389756203291284
239,10,30,0.03333333333333333,0.030622545764268372,10.637479805780325,0.09400722899202194
239,20,40,0.025,0.022946633767608995,11.001637643278565,0.09089555868175213
240,0,20,0.05,0.055386810506339264,12.176074358854866,0.08212827636624649
240,5,25,0.04,0.044445385830907264,11.52399755640025,0.08677544359983098
240,10,30,0.03333333333333333,0.03694477898820795,11.469404992730984,0.08718848106190115
240,20,40,0.025,0.027750404239424764,12.11990023732167,0.08250892997622447
241,0,20,0.05,0.052424118734833006,12.129785475956174,0.0824416888478542
241,5,25,0.04,0.042304813666182314,11.258415010480102,0.0888224496138339
241,10,30,0.03333333333333333,0.03510717090678104,11.303652300055532,0.08846698159630116
241,20,40,0.025,0.02618000317554747,11.92007995842493,0.08389205470834239
242,0,20,0.05,0.054360420193861114,12.229695132600598,0.08176818711811615
242,5,25,0.04,0.043548271901693296,11.465776199033236,0.08721607526966359
242,10,30,0.03333333333333333,0.036157113569595785,11.23447716543407,0.08901170791256512
242,20,40,0.025,0.027129345519250843,12.154169932353836,0.0822762891720023
243,0,20,0.05,0.04945231269207995,11.570346326058155,0.08642783645532286
243,5,25,0.04,0.03947676034454993,10.708445156221039,0.09338423883312817
243,10,30,0.03333333333333333,0.032937414807661984,11.005139425520508,0.09086663615374443
243,20,40,0.025,0.024637692490563773,11.42609481099781,0.08751896571324465
244,0,20,0.05,0.05328320722871656,11.435011658158688,0.08745071976262629
244,5,25,0.04,0.041886333492648614,10.47435118897347,0.09547130719205951
244,10,30,0.03333333333333333,0.03513602730565941,10.691729616281147,0.09353023653696034
244,20,40,0.025,0.026662202461467204,11.361532619024764,0.08801629441484952
245,0,20,0.05,0.05205851645914065,12.467743145076506,0.08020697798822544
245,5,25,0.04,0.04171925392078295,11.636172122923304,0.08593891439866175
245,10,30,0.03333333333333333,0.03475085278551608,11.763980436409279,0.08500524167015958
245,20,40,0.025,0.025985553105708842,12.508916569063437,0.07994297463564197
246,0,20,0.05,0.051729771771105354,11.406937685835539,0.08766594747350473
246,5,25,0.04,0.0412590394279157,10.83610226046365,0.09228410511116869
246,10,30,0.03333333333333333,0.03450662943119935,11.039761151791826,0.09058166986137137
246,20,40,0.025,0.025869823011367254,11.380778254756878,0.08786745314030042
247,0,20,0.05,0.05299735049325424,11.983194101641404,0.08345020463809599
247,5,25,0.04,0.04212524937240739,11.10184548042259,0.0900751142468554
247,10,30,0.03333333333333333,0.035073006937157106,11.043274290525515,0.09055285359143363
247,20,40,0.025,0.02649487465827571,11.714841539244818,0.08536180337138932
248,0,20,0.05,0.05182671319680622,12.049758013912255,0.08298921844284614
248,5,25,0.04,0.041906876032309845,11.273056084121873,0.08870708994418137
248,10,30,0.03333333333333333,0.03481719348858457,11.484388480147736,0.08707472772526204
248,20,40,0.025,0.02594506267640262,11.89441694912463,0.08407305749220395
249,0,20,0.05,0.059522460778253745,12.340107562391655,0.08103657078708547
249,5,25,0.04,0.047738459198928086,11.584374057904236,0.08632317939679107
249,10,30,0.03333333333333333,0.03985004707058252,11.558918974791668,0.08651328053954314
249,20,40,0.025,0.02987756876331386,12.170323053341855,0.08216708756349812
250,0,20,0.05,0.05617755708460401,11.375228349129216,0.08791032314323174
250,5,25,0.04,0.044967140678453865,10.768837242925967,0.09286053614162462
250,10,30,0.03333333333333333,0.0374438799475715,10.898624248448318,0.09175470015331284
250,20,40,0.025,0.028164920876548007,11.418216941851275,0.08757934843002435
251,0,20,0.05,0.04909829658876886,11.438978169985125,0.08742039587276355
251,5,25,0.04,0.039285685428156206,11.00808484197853,0.09084232310661096
251,10,30,0.03333333333333333,0.03278276615864665,10.996890869977474,0.09093479346331355
251,20,40,0.025,0.024492983168083658,11.316657721720189,0.0883653128503382
252,0,20,0.05,0.053043275575979015,11.372757523548051,0.0879294223876165
252,5,25,0.04,0.042674137254550056,10.449776406931424,0.09569582745681446
252,10,30,0.03333333333333333,0.03553972965779949,10.552798201203656,0.09476159601781636
252,20,40,0.025,0.02662531970923099,11.059027368615158,0.09042386519794125
253,0,20,0.05,0.04891971456004601,11.277761641520918,0.08867007760816091
253,5,25,0.04,0.039206838674552956,10.49607297215291,0.09527372786499257
253,10,30,0.03333333333333333,0.032375814126317494,10.68363916123205,0.09360106466612252
253,20,40,0.025,0.02443344821289707,11.150474054687919,0.08968228571229012
254,0,20,0.05,0.05110941525897915,11.688321627693286,0.0855554828017983
254,5,25,0.04,0.04064825894525011,10.91032508059212,0.09165629737090551
254,10,30,0.03333333333333333,0.03386821941295594,10.921768886454128,0.09156026010038205
254,20,40,0.025,0.025468736762992755,11.440212876208014,0.08741096086417066
255,0,20,0.05,0.054567241786803077,11.801613474970932,0.0847341765700781
255,5,25,0.04,0.043672244162325194,11.004071392921903,0.09087545548307013
255,10,30,0.03333333333333333,0.035924722123703734,11.075563481587677,0.09028885994490733
255,20,40,0.025,0.027280858132321065,11.690576377650963,0.08553898180005169
256,0,20,0.05,0.05367807608385988,11.670838838608965,0.08568364398040038
256,5,25,0.04,0.04323185391509208,11.34682269427024,0.08813039799282013
256,10,30,0.03333333333333333,0.035482088823233435,11.210590430319682,0.08920136777947421
256,20,40,0.025,0.026911722616179353,11.649099493541025,0.08584354529330454
257,0,20,0.05,0.0539491061439704,12.461185465805904,0.08024918678435919
257,5,25,0.04,0.042844116307527304,11.791735790780905,0.08480515657260798
257,10,30,0.03333333333333333,0.03574068942843223,11.844156927626521,0.08442981683799695
257,20,40,0.025,0.02700686309408669,12.361927776661998,0.0808935319851887
258,0,20,0.05,0.05354196261187401,11.996619240820838,0.0833568174438099
258,5,25,0.04,0.04291403439966078,11.193425724199402,0.08933815479188557
258,10,30,0.03333333333333333,0.03590070457280214,11.229836743882446,0.08904848955571495
258,20,40,0.025,0.026803335331292862,11.752858814224785,0.08508568134841155
259,0,20,0.05,0.05013019899619544,11.811294089872504,0.08466472787748479
259,5,25,0.04,0.039690036396615336,11.035566335931984,0.09061610157187708
259,10,30,0.03333333333333333,0.033354710459407945,11.169798056055706,0.0895271333448907
259,20,40,0.025,0.0250037618592133,11.638078918403712,0.08592483407366006
260,0,20,0.05,0.05359144609232985,11.684672090047851,0.08558220481443607
260,5,25,0.04,0.04328301358769559,11.222250548604594,0.0891086859689069
260,10,30,0.03333333333333333,0.035710981860430875,11.160249825331174,0.08960372891745061
260,20,40,0.025,0.02688600268411718,11.638331013573966,0.0859229728758947
261,0,20,0.05,0.04499001689834385,12.813122660081412,0.07804498766841948
261,5,25,0.04,0.03597847678973032,11.852081408663684,0.08437336578442803
261,10,30,0.03333333333333333,0.029890957222124807,12.083188651692863,0.08275961162452755
261,20,40,0.025,0.02240193658608231,12.572831101248019,0.0795365810569695
262,0,20,0.05,0.05349649119520994,12.555245809718887,0.07964798261662948
262,5,25,0.04,0.04341450039424068,11.88221576259145,0.08415938743919132
262,10,30,0.03333333333333333,0.03573096504134502,11.816326478642809,0.08462867049310381
262,20,40,0.025,0.02676609114000062,12.366550013701856,0.08086329646441592
263,0,20,0.05,0.05338262728752803,11.993391894896673,0.08337924823631516
263,5,25,0.04,0.042399514697733696,11.390297691348763,0.08779401795262355
263,10,30,0.03333333333333333,0.035257867755743924,11.288888993843297,0.08858267634178857
263,20,40,0.025,0.02667510406020293,11.863707562408534,0.08429068187491491
264,0,20,0.05,0.05177438621646289,12.107310244114684,0.08259472829533679
264,5,25,0.04,0.04089308723833739,11.221838412036238,0.0891119586009568
264,10,30,0.03333333333333333,0.03426233627280564,11.324242392336183,0.08830612815889229
264,20,40,0.025,0.025812168038616065,12.045706346437443,0.0830171325150852
265,0,20,0.05,0.053239032082043836,11.85219037851967,0.08437259004988236
265,5,25,0.04,0.042353636909357416,11.256754973984476,0.08883554828288466
265,10,30,0.03333333333333333,0.03545874874218266,11.153467516000296,0.08965821602702854
265,20,40,0.025,0.02668233082287297,11.718357636088161,0.08533619053581142
266,0,20,0.05,0.05133586758606784,11.247558115037704,0.08890818698353957
266,5,25,0.04,0.04107465083773559,10.289198209616407,0.09718930276465937
266,10,30,0.03333333333333333,0.03424503101498239,10.434312039124396,0.09583765525224947
266,20,40,0.025,0.02559964359750162,11.047110732410482,0.09052140638602975
267,0,20,0.05,0.05454547962877171,11.652326011121561,0.08581977530027482
267,5,25,0.04,0.04383596228384142,10.943930110463457,0.09137485253527919
267,10,30,0.03333333333333333,0.03651274700901919,10.921487112025199,0.09156262235560772
267,20,40,0.025,0.027238759042080483,11.499497939841355,0.08696031820096972
268,0,20,0.05,0.049765547448147485,11.400129136941876,0.08771830459003498
268,5,25,0.04,0.03984924046027571,10.92424498598547,0.09153950696664925
268,10,30,0.03333333333333333,0.03330388058522374,10.925112136142722,0.091532241274831
268,20,40,0.025,0.024827283734751075,11.320779215281648,0.08833314217895213
269,0,20,0.05,0.05264814657821887,12.003041040919854,0.08331222034406749
269,5,25,0.04,0.04187261368289265,10.907579512008024,0.09167936836024088
269,10,30,0.03333333333333333,0.03501615519688667,10.973759421104276,0.09112647376584926
269,20,40,0.025,0.026317498142650324,11.766081481729202,0.0849900624564632
270,0,20,0.05,0.05362793400048951,12.686031522599801,0.07882685757311328
270,5,25,0.04,0.04273796962647621,11.822540344120258,0.0845841901057528
270,10,30,0.03333333333333333,0.035704691938340145,11.715651404046184,0.08535590258810827
270,20,40,0.025,0.02686836300517282,12.468413875169942,0.08020266330679292
271,0,20,0.05,0.0506873887160506,12.581293622946523,0.079483082580327
271,5,25,0.04,0.0407051797060211,11.984480946954605,0.08344124409110196
271,10,30,0.03333333333333333,0.033780495129724725,11.838411840251835,0.08447078995848883
271,20,40,0.025,0.025247042726012272,12.369222987328405,0.08084582200712571
272,0,20,0.05,0.05440665679085289,12.120120277744435,0.08250743202905746
272,5,25,0.04,0.043950442351953126,11.318572846838734,0.08835036126301904
272,10,30,0.03333333333333333,0.03641134350143595,11.266232146532243,0.08876081967721577
272,20,40,0.025,0.02728711900410618,12.030787475830051,0.08312007854922282
273,0,20,0.05,0.05795090352899164,11.857649225159207,0.08433374786279137
273,5,25,0.04,0.04641345894873837,10.927405152091175,0.09151303407182905
273,10,30,0.03333333333333333,0.03876584094148707,11.300771044263199,0.08848953722566098
273,20,40,0.025,0.02909159791539898,11.808562043963885,0.08468431603077059
274,0,20,0.05,0.05036346474695619,12.387211923881464,0.0807284162202866
274,5,25,0.04,0.04017587079800476,11.725588574013198,0.08528356539954396
274,10,30,0.03333333333333333,0.033454286962699774,11.809465505647811,0.08467783741116443
274,20,40,0.025,0.025134219225525806,12.277421464356449,0.08145032757107662
275,0,20,0.05,0.049877368244118946,12.040074784867898,0.08305596251418731
275,5,25,0.04,0.040270505258103925,11.179825383588796,0.08944683532069564
275,10,30,0.03333333333333333,0.03333632631605595,11.106759608429266,0.09003526098116581
275,20,40,0.025,0.024944226332817558,11.769005231424122,0.08496894855054744
276,0,20,0.05,0.05084483038691169,11.350350309956283,0.08810300763341387
276,5,25,0.04,0.04066082072794346,10.534034556511877,0.09493038917190802
276,10,30,0.03333333333333333,0.0336265183895577,10.562947350495689,0.09467054665884261
276,20,40,0.025,0.025408625385617063,11.081966555453555,0.09023669174564412
277,0,20,0.05,0.047998209734565624,13.683395166980402,0.07308127754821511
277,5,25,0.04,0.038651432723643304,12.71546945574076,0.0786443633466102
277,10,30,0.03333333333333333,0.03226699465509033,12.688801543826903,0.07880964932314664
277,20,40,0.025,0.02399470987681629,13.364766739118364,0.07482360294946436
278,0,20,0.05,0.052574407638846216,12.00377087104414,0.08330715495513417
278,5,25,0.04,0.042445263690215784,11.193291546417576,0.08933922571864493
278,10,30,0.03333333333333333,0.035479552839579806,11.39622019568534,0.08774839225891796
278,20,40,0.025,0.026306134473614077,11.936575906668896,0.08377611869759952
279,0,20,0.05,0.05073815616733203,12.654454883437978,0.0790235540930957
279,5,25,0.04,0.04074259302749633,11.818993016347902,0.08460957702714698
279,10,30,0.03333333333333333,0.03387886564177665,12.011740811251926,0.0832518796162548
279,20,40,0.025,0.025397872516792017,12.537804007812346,0.07975878386493335
280,0,20,0.05,0.05355234956279383,12.44868121387997,0.08032979420221838
280,5,25,0.04,0.042758647688961725,11.58679141503831,0.08630516975580627
280,10,30,0.03333333333333333,0.03560602838026552,11.625949704226603,0.08601447842462719
280,20,40,0.025,0.026841392697591306,12.260697343688339,0.08156142933540303
281,0,20,0.05,0.05703039364500439,12.356918052734928,0.08092632772446624
281,5,25,0.04,0.045492210165081426,11.534142185965688,0.08669912195262883
281,10,30,0.03333333333333333,0.03799277180816188,11.557978165378987,0.08652032264565278
281,20,40,0.025,0.02851518030026532,12.224504978257068,0.08180290341233735
282,0,20,0.05,0.053972119445026966,11.653577207875587,0.08581056118323835
282,5,25,0.04,0.04354766745267779,11.023210115556713,0.09071767566044406
282,10,30,0.03333333333333333,0.0363581764205447,10.930504523204405,0.09148708532868695
282,20,40,0.025,0.02703239157493533,11.484571062689023,0.08707334340494366
283,0,20,0.05,0.05154566651178375,11.705284914618371,0.0854314958836355
283,5,25,0.04,0.04131617149653857,10.839483484675313,0.09225531838429238
283,10,30,0.03333333333333333,0.03449396685411514,10.704588213319822,0.09341788587025612
283,20,40,0.025,0.025660581782632703,11.484345426717883,0.08707505415794434
284,0,20,0.05,0.054770469620762256,12.72352778800889,0.07859455464406938
284,5,25,0.04,0.04367813371267752,11.651821599005645,0.08582349047339852
284,10,30,0.03333333333333333,0.03637606549537039,11.684405750160431,0.08558415561581038
284,20,40,0.025,0.027435282352217,12.420831370805557,0.08050990872885062
285,0,20,0.05,0.05562134982735169,11.691876114371116,0.08552947279101307
285,5,25,0.04,0.04468930544486735,11.119408467008098,0.08993284156860101
285,10,30,0.03333333333333333,0.036971296045943194,11.179034782588257,0.08945316115820083
285,20,40,0.025,0.027851275867525307,11.517718332370752,0.08682275179359807
286,0,20,0.05,0.050206466822524894,10.40040270266388,0.09615012308550971
286,5,25,0.04,0.04003942618968907,9.743186942406513,0.10263582192471055
286,10,30,0.03333333333333333,0.033373588305555625,9.727621044666753,0.10280005721936075
286,20,40,0.025,0.025174004633734023,10.252609440550255,0.0975361449003299
287,0,20,0.05,0.05166407810586288,12.273520897648574,0.08147621276235292
287,5,25,0.04,0.041407596290997085,11.320815082225014,0.0883328623192614
287,10,30,0.03333333333333333,0.0344438556438125,11.216175854623843,0.08915694733760368
287,20,40,0.025,0.02571726557908663,11.959780356620746,0.08361357568296944
288,0,20,0.05,0.0619793059416663,11.20350513205723,0.0892577803297151
288,5,25,0.04,0.049129126885602316,10.443400855005043,0.09575424843725555
288,10,30,0.03333333333333333,0.04097816513779898,10.680405801784891,0.09362940121927593
288,20,40,0.025,0.031131192794825308,10.97029604239476,0.09115524286085766
289,0,20,0.05,0.056426809783975164,12.939613912950382,0.07728205854729311
289,5,25,0.04,0.04506998013771983,12.070081089783132,0.08284948481799863
289,10,30,0.03333333333333333,0.037798882506343744,12.093238943136967,0.08269083284486907
289,20,40,0.025,0.028303844546088155,12.708459183677116,0.07868774534716301
290,0,20,0.05,0.05965585766910477,12.168246012762033,0.08218111295179288
290,5,25,0.04,0.04783045258818942,10.968738789049176,0.09116818434935899
290,10,30,0.03333333333333333,0.04006143255087159,11.34137955540163,0.08817269496317348
290,20,40,0.025,0.02996158064175047,11.871081510952209,0.08423832311128555
291,0,20,0.05,0.0515732121521158,12.914859793235896,0.07743018631326883
291,5,25,0.04,0.04124495289307148,12.225582431327833,0.08179569403888015
291,10,30,0.03333333333333333,0.034436040685276975,11.991112428511713,0.08339509832484457
291,20,40,0.025,0.025827388943800475,12.818744637445047,0.07801075910966222
292,0,20,0.05,0.056150337539488976,12.735337843393761,0.07852167035511609
292,5,25,0.04,0.045321588027108305,11.870237055357217,0.08424431587477732
292,10,30,0.03333333333333333,0.0376431483741821,11.966210879487088,0.08356864257793052
292,20,40,0.025,0.028144933779417788,12.610780326367218,0.07929723412191651
293,0,20,0.05,0.0520938076585461,11.894465901402706,0.08407271148526903
293,5,25,0.04,0.04142309813562416,10.925220650260519,0.0915313321361756
293,10,30,0.03333333333333333,0.034660844909794736,10.94550863495959,0.09136167476091822
293,20,40,0.025,0.026013846842111867,11.795569957470487,0.08477759053657853
294,0,20,0.05,0.04744069512676428,11.956738057266712,0.0836348505094372
294,5,25,0.04,0.038017536819220106,11.214311891476639,0.0891717663711532
294,10,30,0.03333333333333333,0.03153052849108288,11.235051229503277,0.08900715978704192
294,20,40,0.025,0.023717326123351114,11.83287737349143,0.08451029858893384
295,0,20,0.05,0.050122534797404555,11.346380977293,0.08813382892758977
295,5,25,0.04,0.040086522562698686,10.805375038345003,0.09254653322548295
295,10,30,0.03333333333333333,0.033327485489025546,10.78839578836829,0.09269218701432595
295,20,40,0.025,0.025029758642425758,11.183003414139902,0.08942141596197582
296,0,20,0.05,0.04354777462581806,11.869304809640775,0.0842509326399433
296,5,25,0.04,0.03438985285684867,11.125792822610302,0.08988123506737948
296,10,30,0.03333333333333333,0.028752488929808896,11.130655722554616,0.08984196663038
296,20,40,0.025,0.02162371760657033,11.718139755606321,0.08533777722881049
297,0,20,0.05,0.053043646149316545,12.413263577002837,0.08055899190383972
297,5,25,0.04,0.04215221340435178,11.739593914997426,0.08518182206647641
297,10,30,0.03333333333333333,0.03520900673479812,11.664409834773808,0.08573086972808613
297,20,40,0.025,0.026624409067673004,12.424810259606025,0.08048412644586403
298,0,20,0.05,0.05171121000926123,12.091557814611837,0.08270232961972585
298,5,25,0.04,0.040974570777799355,11.17943937259104,0.0894499237995538
298,10,30,0.03333333333333333,0.03457423124233287,11.450960716587817,0.08732891717560466
298,20,40,0.025,0.02575529995380657,11.884128578074366,0.08414584152555796
299,0,20,0.05,0.05533973625929325,12.288932133333635,0.08137403552644804
299,5,25,0.04,0.04409598428757696,11.288125601609526,0.08858866700220046
299,10,30,0.03333333333333333,0.03709459032050177,11.416111693924318,0.08759549895891457
299,20,40,0.025,0.027724287187880812,12.007489832545447,0.0832813530509575
300,0,20,0.05,0.053476572438735125,11.852098064939856,0.08437324721081563
300,5,25,0.04,0.043140957693650936,11.159472790747122,0.0896099680290587
300,10,30,0.03333333333333333,0.036117002654790044,11.167003281695573,0.08954953936828809
300,20,40,0.025,0.026746495212852356,11.749354437216317,0.08511105910912686
301,0,20,0.05,0.05857728009370055,11.407410412016946,0.08766231457286457
301,5,25,0.04,0.046239695087509046,10.84629431519682,0.09219738750762949
301,10,30,0.03333333333333333,0.0388395302730394,10.949642660833199,0.09132718125834312
301,20,40,0.025,0.02935273857589342,11.279038050747532,0.08866004312608235
302,0,20,0.05,0.052917883513303066,12.011646950776324,0.08325253015660514
302,5,25,0.04,0.04224334858455162,11.155589309998222,0.08964116302701712
302,10,30,0.03333333333333333,0.0354759639212925,11.338643499059522,0.08819397135847375
302,20,40,0.025,0.026494020974400814,11.756993198494758,0.08505576069636832
303,0,20,0.05,0.04884688307569647,12.482368937977032,0.08011299817917944
303,5,25,0.04,0.03895038917461042,11.511921506438412,0.08686647137410708
303,10,30,0.03333333333333333,0.03259983505654327,11.783168652689431,0.084866815495487
303,20,40,0.025,0.024333280634815196,12.398708377432419,0.08065356241623974
304,0,20,0.05,0.047887912946616394,12.633368499251695,0.07915545248753192
304,5,25,0.04,0.03830456232301835,11.610509070952057,0.08612886772569399
304,10,30,0.03333333333333333,0.031986956640589786,11.925009284135532,0.08385737706136234
304,20,40,0.025,0.023954889206359697,12.433252306681208,0.08042947857356952
305,0,20,0.05,0.05879662016664578,11.271386434203055,0.08872023027845954
305,5,25,0.04,0.04724222042674892,10.681646140822748,0.0936185290933983
305,10,30,0.03333333333333333,0.039446492094657296,10.871725901956534,0.09198171560046732
305,20,40,0.025,0.029504835837938777,11.191354984685569,0.08935468505542145
306,0,20,0.05,0.056222656328463363,11.63323433975669,0.08596061686666884
306,5,25,0.04,0.044624898497868576,10.765879954888105,0.09288604407538126
306,10,30,0.03333333333333333,0.03733270433468861,10.914394236114887,0.09162212564130011
306,20,40,0.025,0.028195055343748422,11.400824216620153,0.08771295662485501
307,0,20,0.05,0.04813620615753232,12.04523538374884,0.08302037844351115
307,5,25,0.04,0.038520087134915074,11.445416057164213,0.08737122311722814
307,10,30,0.03333333333333333,0.03220768578845675,11.379224027453171,0.08787945448542275
307,20,40,0.025,0.023990352503478064,11.843820689120028,0.08443221374658434
308,0,20,0.05,0.04782803090264388,11.9046435245593,0.08400083529901575
308,5,25,0.04,0.038161864355740746,11.058434218959546,0.09042871533164366
308,10,30,0.03333333333333333,0.03195172162397305,11.183037353514285,0.08942114457712587
308,20,40,0.025,0.023833078557924606,11.691412493485974,0.08553286444706004
309,0,20,0.05,0.05101591933675594,11.508138034314321,0.08689503002295038
309,5,25,0.04,0.0405643340265216,10.461615264954828,0.09558753353795006
309,10,30,0.03333333333333333,0.03402600789076241,10.82466926275285,0.09238157542983326
309,20,40,0.025,0.025549093932053273,11.223143778442424,0.08910159396877855
310,0,20,0.05,0.05194200280317157,11.907232025768561,0.08398257444180897
310,5,25,0.04,0.04129710591598315,11.05596758593049,0.09044889035967973
310,10,30,0.03333333333333333,0.034455277404168094,11.256123611615232,0.0888405311192653
310,20,40,0.025,0.02591577573740236,11.807410331177964,0.08469257626792709
311,0,20,0.05,0.050789850406669494,11.150495655593762,0.08968211197843386
311,5,25,0.04,0.040899167488923596,10.371313542600541,0.0964198021680151
311,10,30,0.03333333333333333,0.0339375262597796,10.568736510874162,0.09461868965804011
311,20,40,0.025,0.02540365773049001,10.873816872953624,0.09196402805782887
312,0,20,0.05,0.05791068177810019,11.372345551412494,0.08793260769989492
312,5,25,0.04,0.04649429687699177,10.722003759278792,0.09326614898214364
312,10,30,0.03333333333333333,0.03905754429412369,10.682412924496091,0.09361180915473474
312,20,40,0.025,0.029086209072583462,11.371777796011541,0.08793699788530278
313,0,20,0.05,0.05657614909349179,11.714685450208195,0.08536294075076747
313,5,25,0.04,0.045279170734693834,11.14813925621646,0.08970106822467049
313,10,30,0.03333333333333333,0.0376602127744608,11.02828844268429,0.09067590181351835
313,20,40,0.025,0.028328792017865406,11.58579231654733,0.08631261226491664
314,0,20,0.05,0.054721037655139436,12.169938776011952,0.08216968206701995
314,5,25,0.04,0.04388841269050138,11.483272496318621,0.0870831899461226
314,10,30,0.03333333333333333,0.03645158131842621,11.527756905515353,0.08674714501669954
314,20,40,0.025,0.02729049652545455,11.87945887001083,0.08417891849640188
315,0,20,0.05,0.05195335568010835,11.995780442543648,0.0833626461229191
315,5,25,0.04,0.04138140298173443,11.088129948284541,0.09018653322643565
315,10,30,0.03333333333333333,0.03469864974311847,11.453358539835254,0.08731063438920197
315,20,40,0.025,0.02595921369051914,11.699445997355388,0.08547413272611762
316,0,20,0.05,0.04741278425991797,12.20247646886856,0.08195057802825839
316,5,25,0.04,0.03794771349209952,11.45201612889041,0.08732086898456808
316,10,30,0.03333333333333333,0.031666088657245545,11.507077132174233,0.08690304136434102
316,20,40,0.025,0.02373367343705163,11.932115051240796,0.08380743863980863
317,0,20,0.05,0.0568921472551457,10.913132302099955,0.09163272031509921
317,5,25,0.04,0.045739783951676355,10.33342284750879,0.09677335523350646
317,10,30,0.03333333333333333,0.03783757396713471,10.375528603065632,0.09638063160507623
317,20,40,0.025,0.028557951176148698,10.83963226521152,0.092254052124017
318,0,20,0.05,0.04814817635954692,11.871068384319319,0.08423841625922363
318,5,25,0.04,0.03800760028505153,10.833011878717691,0.09231043141054604
318,10,30,0.03333333333333333,0.03187876062467585,11.116000681980607,0.08996041189715219
318,20,40,0.025,0.024012829473505987,11.749932979766424,0.0851068684155064
319,0,20,0.05,0.05361744021148045,11.62206170038932,0.08604325340713874
319,5,25,0.04,0.04305360687368267,10.78917262940943,0.09268551299978016
319,10,30,0.03333333333333333,0.03551700998497366,10.932551330240615,0.09146995699292006
319,20,40,0.025,0.02686900851740196,11.497357743633764,0.0869765055848343
320,0,20,0.05,0.04995901835228236,12.165202619605266,0.08220167236577008
320,5,25,0.04,0.040095390292052835,11.488803975874973,0.0870412622671492
320,10,30,0.03333333333333333,0.03347278333379447,11.449775598223109,0.08733795622642508
320,20,40,0.025,0.02498139251197466,12.009436022862165,0.08326785688323053
321,0,20,0.05,0.051949457617317854,11.033844045333948,0.09063024598602021
321,5,25,0.04,0.04166893110440666,10.570553687642093,0.09460242382280201
321,10,30,0.03333333333333333,0.03450682966979306,10.606336973743808,0.09428325749743001
321,20,40,0.025,0.025990267348478324,10.904301610752295,0.09170692775169939
322,0,20,0.05,0.0501220716280134,12.814230849581717,0.07803823824764652
322,5,25,0.04,0.0403652979465345,11.956895683457773,0.08363374796214777
322,10,30,0.03333333333333333,0.03321220326041739,11.99812398587931,0.0833463632461965
322,20,40,0.025,0.025060613458851803,12.62309999876715,0.07921984299400829
323,0,20,0.05,0.05236202995598121,12.969061322503531,0.0771065827458792
323,5,25,0.04,0.04164277973992456,12.205659323488707,0.08192920787782343
323,10,30,0.03333333333333333,0.03460436859793836,11.922051222766294,0.08387818348661383
323,20,40,0.025,0.026165409554917186,12.704522920632808,0.07871212529956145
324,0,20,0.05,0.05478395448025707,12.621922514786798,0.0792272333179421
324,5,25,0.04,0.043443513516681034,11.53569560201534,0.08668744690396436
324,10,30,0.03333333333333333,0.036214311537386926,11.788579683063146,0.08482786110668761
324,20,40,0.025,0.027358309413004225,12.322124404588783,0.08115483719898155
325,0,20,0.05,0.0535663756528439,13.27786386229905,0.07531331924854145
325,5,25,0.04,0.04294398203243484,12.342752831693739,0.0810192032228174
325,10,30,0.03333333333333333,0.03574728815237316,12.355327854985791,0.08093674338204358
325,20,40,0.025,0.026844111026997616,13.020049782563936,0.07680462184861768
326,0,20,0.05,0.05060269096112454,12.133358255459221,0.08241741313045504
326,5,25,0.04,0.040743213927682924,11.33587458691173,0.08821551370677552
326,10,30,0.03333333333333333,0.034021348421127515,11.247413405581995,0.08890933087812959
326,20,40,0.025,0.02538526221788588,11.943284896751615,0.0837290585165547
327,0,20,0.05,0.052832360815633736,11.81821444762147,0.08461515099696466
327,5,25,0.04,0.042494650559950206,11.032245913242264,0.09064337469124728
327,10,30,0.03333333333333333,0.0353355478321089,11.055326469768115,0.09045413563630156
327,20,40,0.025,0.02646562386683952,11.64489424723833,0.08587454542467461
328,0,20,0.05,0.05474319646962975,12.06980702543919,0.08285136604854812
328,5,25,0.04,0.043882999772347234,11.601248933616853,0.08619761593963451
328,10,30,0.03333333333333333,0.03662661126625385,11.679062766845554,0.08562330899006668
328,20,40,0.025,0.02742384191738629,11.959732235059786,0.0836139121132256
329,0,20,0.05,0.054751156665188275,11.653536130322465,0.0858108636569121
329,5,25,0.04,0.043651523886191146,10.820297708144741,0.09241889890398043
329,10,30,0.03333333333333333,0.03630909026239797,10.9910600718855,0.09098303470817547
329,20,40,0.025,0.02738228612472242,11.430427940927201,0.08748578838587938
330,0,20,0.05,0.06134268018558335,12.320989382467435,0.08116231326544146
330,5,25,0.04,0.04922687971153887,11.956511385739905,0.08363643605882093
330,10,30,0.03333333333333333,0.04094865197870844,11.91038846208464,0.08396031776657711
330,20,40,0.025,0.030807370155865186,12.33740322572151,0.0810543338581299
331,0,20,0.05,0.05766119647298488,11.805641717453788,0.0847052641383799
331,5,25,0.04,0.04588223145036292,11.046458532709757,0.0905267509074417
331,10,30,0.03333333333333333,0.03819928962628864,11.10708786346295,0.0900326001101986
331,20,40,0.025,0.028824795265338606,11.673969275010093,0.08566066745958054
332,0,20,0.05,0.04806765411303555,12.275467645051174,0.08146329157595456
332,5,25,0.04,0.03837497203777484,11.246559298467977,0.0889160829958209
332,10,30,0.03333333333333333,0.0321072247723287,11.41444029383289,0.08760832544196584
332,20,40,0.025,0.023925832831845833,12.085765391644372,0.08274196690028097
333,0,20,0.05,0.052634685397812755,12.272726218689941,0.08148148847948028
333,5,25,0.04,0.0420780398191137,11.24160558545067,0.08895526465492079
333,10,30,0.03333333333333333,0.03509547520093617,11.361547781760285,0.08801617695129443
333,20,40,0.025,0.026311203574045944,12.157070736174095,0.08225665719164074
334,0,20,0.05,0.05374366380823407,11.445963251901494,0.08736704617969764
334,5,25,0.04,0.042741450319378704,10.95356278289244,0.09129449657802903
334,10,30,0.03333333333333333,0.03594314684139295,10.757595457098052,0.09295757625280306
334,20,40,0.025,0.026868495067471236,11.417208800964936,0.0875870816968403
335,0,20,0.05,0.046684271468030586,13.199875063479261,0.07575829280132725
335,5,25,0.04,0.037044315234645464,12.148840692560418,0.08231238068767908
335,10,30,0.03333333333333333,0.03113899350820058,12.043664757684251,0.0830312052120155
335,20,40,0.025,0.02324386196227956,13.019672954087977,0.0768068448052695
336,0,20,0.05,0.054976644546805384,11.966476802344623,0.08356678548894754
336,5,25,0.04,0.04409347309705228,11.31802178113041,0.08835466297363169
336,10,30,0.03333333333333333,0.03675611719505786,11.207198015318722,0.08922836900295109
336,20,40,0.025,0.027546238219846253,11.785120166083686,0.08485276228900006
337,0,20,0.05,0.05070872436500958,11.433564648607936,0.08746178735445839
337,5,25,0.04,0.04028259367725705,10.779342849108364,0.09277003375792219
337,10,30,0.03333333333333333,0.033776569411543986,10.991001891546299,0.09098351632248808
337,20,40,0.025,0.025301494821836,11.305098330562695,0.0884556658208409
338,0,20,0.05,0.049428917053124216,11.798054354386416,0.08475973834009407
338,5,25,0.04,0.03974703089183752,11.189475940404098,0.08936969035244076
338,10,30,0.03333333333333333,0.03291713440474802,11.34185272644904,0.08816901648423049
338,20,40,0.025,0.0246187076717627,11.601014447096524,0.0861993582164944
339,0,20,0.05,0.04984733777721113,12.423003693973511,0.08049583052809581
339,5,25,0.04,0.0399876128468409,11.714543637789014,0.085363974126502
339,10,30,0.03333333333333333,0.03310268210405943,11.617512033427824,0.08607694979119754
339,20,40,0.025,0.02491439249977012,12.250934385412192,0.08162642689448657
340,0,20,0.05,0.05079203182433024,11.521601194596345,0.08679349190362552
340,5,25,0.04,0.0407345925820252,10.872177953934486,0.09197789111225081
340,10,30,0.03333333333333333,0.033933192784900625,10.714414726015864,0.0933322095113494
340,20,40,0.025,0.025432755329131335,11.422339822345062,0.08754773676438346
341,0,20,0.05,0.060857113885894626,11.536688017803606,0.08667998982522399
341,5,25,0.04,0.04861230146638424,10.735090329210678,0.09315245324754778
341,10,30,0.03333333333333333,0.04102822443650127,10.930921293071565,0.09148359714508586
341,20,40,0.025,0.030450523585653318,11.311334990220654,0.08840689457650769
342,0,20,0.05,0.050316750742766134,12.282546775593268,0.0814163396460339
342,5,25,0.04,0.039805284835242476,11.239930572796279,0.08896852107078622
342,10,30,0.03333333333333333,0.03337642174060599,11.595694387072239,0.08623890615079301
342,20,40,0.025,0.025133928779479085,12.014504808192978,0.0832327271048305
343,0,20,0.05,0.05246359131935619,11.618338613259201,0.08607082589749705
343,5,25,0.04,0.04206167216420242,11.109837125060594,0.09001032047034137
343,10,30,0.03333333333333333,0.0350449622508112,11.062459794928813,0.09039580875660348
343,20,40,0.025,0.02624946247325829,11.549487801955959,0.0865839262439539
344,0,20,0.05,0.05126367096476524,11.557794768842259,0.08652169553103856
344,5,25,0.04,0.041080458077009836,10.591092293932647,0.09441896758589038
344,10,30,0.03333333333333333,0.03423031564862451,10.581343550857131,0.09450595713046252
344,20,40,0.025,0.025674939588901526,11.375018701940538,0.08791194337371977
345,0,20,0.05,0.05302689261613027,11.948432153851295,0.0836929889314117
345,5,25,0.04,0.04219776485962731,11.076116410890272,0.09028435264699627
345,10,30,0.03333333333333333,0.035210514280812594,11.165797361099823,0.08955921083467529
345,20,40,0.025,0.026488282433539494,11.784462156456607,0.08485750021710652
346,0,20,0.05,0.05180603350190248,12.686052575364709,0.0788267267583235
346,5,25,0.04,0.04122594598742249,11.970967875018223,0.08353543426399661
346,10,30,0.03333333333333333,0.03464106725369866,11.865658206948472,0.08427682498172792
346,20,40,0.025,0.025886676772663368,12.526983506034334,0.07982767755048877
347,0,20,0.05,0.04992635435169049,11.958675790699772,0.08362129867068535
347,5,25,0.04,0.040288813779162436,11.59926750407965,0.08621234053342453
347,10,30,0.03333333333333333,0.033413646980861605,11.448037750639175,0.08735121439865685
347,20,40,0.025,0.024898054303906722,11.807532452523613,0.08469170032103286
348,0,20,0.05,0.05428689474200121,13.20511089904452,0.07572825458606007
348,5,25,0.04,0.043470763202271355,12.26102729856266,0.0815592344466298
348,10,30,0.03333333333333333,0.03614462090316592,12.300712288623684,0.08129610517960413
348,20,40,0.025,0.02719987770473039,13.099444743788181,0.0763391135700011
349,0,20,0.05,0.05263515208909833,11.620373040335124,0.08605575711975255
349,5,25,0.04,0.042256591333783004,11.075205411742411,0.09029177905267173
349,10,30,0.03333333333333333,0.03513668677013319,10.924102017841095,0.09154070498122532
349,20,40,0.025,0.026343101590301187,11.62162708729246,0.0860464711600873
350,0,20,0.05,0.05521802841569191,11.89374018128325,0.08407784134831395
350,5,25,0.04,0.04401867499079676,11.121703036113132,0.08991428711528382
350,10,30,0.03333333333333333,0.036728994024069116,11.228229340230836,0.0890612375022473
350,20,40,0.025,0.027565478735250948,11.671475274393513,0.08567897172296098
351,0,20,0.05,0.056151043137655884,11.783740079173215,0.08486270006645999
351,5,25,0.04,0.044743009697257245,11.306665337694946,0.08844340662194454
351,10,30,0.03333333333333333,0.037617941904120045,11.209042108727935,0.08921368929655003
351,20,40,0.025,0.02813931846472597,11.688414745638134,0.0855548012080234
352,0,20,0.05,0.06118866659315434,11.461295297294587,0.08725017321873277
352,5,25,0.04,0.048938527039067724,11.093670037046031,0.09014149480384898
352,10,30,0.03333333333333333,0.04092732691230494,11.189538682954604,0.08936918923416684
352,20,40,0.025,0.030745967568824556,11.420038365864578,0.08756538007692524
353,0,20,0.05,0.05621275602655237,11.482984907339596,0.087085370926581
353,5,25,0.04,0.045064856091996994,10.75815908626458,0.09295270612578545
353,10,30,0.03333333333333333,0.037411524560161925,10.88467387631298,0.09187229781649048
353,20,40,0.025,0.028159799553812186,11.246853309906554,0.08891375858162666
354,0,20,0.05,0.05768544236467945,12.762158427882838,0.07835665147481591
354,5,25,0.04,0.046326738292211726,11.864014740086974,0.08428849945888293
354,10,30,0.03333333333333333,0.038405586390485545,11.948754476059792,0.08369073128112002
354,20,40,0.025,0.02896253427129709,12.580303148214437,0.07948934045694545
355,0,20,0.05,0.043191069868573996,12.215497321885943,0.08186322452941365
355,5,25,0.04,0.03458743003060072,11.482879419835818,0.0870861709365836
355,10,30,0.03333333333333333,0.028840041853814377,11.555228905407608,0.08654090785964617
355,20,40,0.025,0.021509250406213726,11.978926653432204,0.08347993346411214
356,0,20,0.05,0.055342637371476065,12.13004291400988,0.08243993917325934
356,5,25,0.04,0.04413501614678824,11.454988701915074,0.0872982091927177
356,10,30,0.03333333333333333,0.036996668020440104,11.434604997119571,0.08745382986573691
356,20,40,0.025,0.027767555387609177,12.027728211248535,0.08314122022351511
357,0,20,0.05,0.0541046661948885,10.857703600455922,0.0921005064052411
357,5,25,0.04,0.04347179408636259,10.51525888606619,0.09509989348194782
357,10,30,0.03333333333333333,0.03633684002070334,10.545790294339549,0.09482456715802037
357,20,40,0.025,0.027091858039499983,10.840139704795165,0.09224973360423089
358,0,20,0.05,0.05274235808195059,11.540147149917733,0.08665400770103081
358,5,25,0.04,0.04259193191346917,10.85938916489277,0.09208621081864271
358,10,30,0.03333333333333333,0.03531195180171867,10.886245533357634,0.09185903413034364
358,20,40,0.025,0.026440112874633596,11.282219295553524,0.08863504367390852
359,0,20,0.05,0.05022413040418486,11.73515884400158,0.08521401485001198
359,5,25,0.04,0.040315950828971714,10.88461872166714,0.09187276335269144
359,10,30,0.03333333333333333,0.03342296943877777,10.842743828116259,0.09222757780248442
359,20,40,0.025,0.025111329386523152,11.587333897822063,0.08630112921730497
360,0,20,0.05,0.05069416401438344,10.73570889684009,0.09314708601071853
360,5,25,0.04,0.04106078678427461,10.147477642084322,0.0985466571370141
360,10,30,0.03333333333333333,0.03410672621114354,10.24281482865482,0.09762941307915152
360,20,40,0.025,0.025406937279393523,10.567370981416088,0.09463091640850052
361,0,20,0.05,0.051669141729793894,11.844607319023858,0.08442660639275734
361,5,25,0.04,0.041407615296700395,10.817229729022742,0.09244511072155465
361,10,30,0.03333333333333333,0.03441156876663345,11.245908445562616,0.08892122898213506
361,20,40,0.025,0.02586197455374854,11.712791774254821,0.08537674187959522
362,0,20,0.05,0.05193017249625343,11.729384409238063,0.08525596613684176
362,5,25,0.04,0.04146372168381499,11.047922471995136,0.09051475537910891
362,10,30,0.03333333333333333,0.03466529677442156,10.894755822511438,0.09178727970513449
362,20,40,0.025,0.025994933277802744,11.652229283496233,0.08582048770842171
363,0,20,0.05,0.05154958629969487,12.669324460626475,0.07893080669831956
363,5,25,0.04,0.04118760788162926,11.73962457718111,0.08518159958400626
363,10,30,0.03333333333333333,0.03426866682760879,11.740257610899143,0.08517700659921155
363,20,40,0.025,0.025810774659990127,12.3867717570195,0.08073128492363692
364,0,20,0.05,0.049584644793044946,13.152006537145091,0.07603402546795496
364,5,25,0.04,0.0400871413770241,12.116884392382808,0.08252946612485985
364,10,30,0.03333333333333333,0.033142172548699965,12.356733365329982,0.08092753727338321
364,20,40,0.025,0.024760808792381038,13.04005985821558,0.07668676454502421
365,0,20,0.05,0.05294917640865655,11.381803211138838,0.0878595404831237
365,5,25,0.04,0.04219461874556468,10.739089897211734,0.09311776040348048
365,10,30,0.03333333333333333,0.03519225282842245,10.759147149845969,0.09294416983731989
365,20,40,0.025,0.026407361874375042,11.190918702663033,0.08935816858021105
366,0,20,0.05,0.05504967861627376,12.191696028917967,0.08202304237474921
366,5,25,0.04,0.044150184070774,11.508665242081438,0.08689104939324324
366,10,30,0.03333333333333333,0.0371110585177301,11.410613208029291,0.08763770901430007
366,20,40,0.025,0.027540320184016084,12.114336306858556,0.08254682507318606
367,0,20,0.05,0.04983580646030709,12.872499339628861,0.07768499136150135
367,5,25,0.04,0.04007792823223498,11.832317405162511,0.08451429806672478
367,10,30,0.03333333333333333,0.033202952936715005,12.025385480892245,0.08315741741409882
367,20,40,0.025,0.024919959214106065,12.515869012610894,0.07989856709049988
368,0,20,0.05,0.05577062842449974,12.184722780581996,0.08206998370070719
368,5,25,0.04,0.04444970863546014,11.435744715696432,0.08744511397035855
368,10,30,0.03333333333333333,0.03706216339864283,11.18592437438114,0.08939806550903175
368,20,40,0.025,0.027812501655408568,12.049771137761454,0.0829891280562342
369,0,20,0.05,0.04947938169199019,11.743214140940356,0.08515556201208159
369,5,25,0.04,0.03933652741682802,11.154979019131083,0.08964606731083703
369,10,30,0.03333333333333333,0.032917337531640924,11.314918665925417,0.08837889423027617
369,20,40,0.025,0.02468228416194617,11.594816521840782,0.08624543545957215
370,0,20,0.05,0.051112726660305696,12.266887656974246,0.0815202705008436
370,5,25,0.04,0.04079756977220748,11.8337640215856,0.08450396663106778
370,10,30,0.03333333333333333,0.033878142056848186,11.645928336401356,0.08586692027584676
370,20,40,0.025,0.025472190354890012,12.0584239986978,0.082929576875717
371,0,20,0.05,0.050414978593979004,11.524490521229495,0.08677173174448623
371,5,25,0.04,0.04044783466998877,10.81704082390739,0.09244672515147026
371,10,30,0.03333333333333333,0.03351878184584005,10.937583851915154,0.09142787050038492
371,20,40,0.025,0.025184903658506966,11.315352000240871,0.08837550965968295
372,0,20,0.05,0.052301372632223196,12.579815403539511,0.07949242241810922
372,5,25,0.04,0.04201052227666251,11.712306265149769,0.08538028099346433
372,10,30,0.03333333333333333,0.03505191880982225,11.82863819973211,0.08454058557836756
372,20,40,0.025,0.026193875495736398,12.416396048855168,0.08053866806964516
373,0,20,0.05,0.052555675483764115,12.646957704879313,0.0790703996435594
373,5,25,0.04,0.04211136921859533,11.805236866974521,0.08470816903280677
373,10,30,0.03333333333333333,0.03501783064798485,11.688202089540843,0.08555635779901918
373,20,40,0.025,0.026333701813125766,12.488352510589516,0.08007461345698311
374,0,20,0.05,0.052071347210784553,13.001324456431743,0.07691524070113495
374,5,25,0.04,0.04158882011649711,11.87897448545624,0.08418235102906635
374,10,30,0.03333333333333333,0.03457883561699613,12.07987974663807,0.08278228103043064
374,20,40,0.025,0.026006042344417817,12.57033914498642,0.07955234846617819
375,0,20,0.05,0.048422743192323224,10.905270198481587,0.0916987824968552
375,5,25,0.04,0.038573505577078414,10.107132204464458,0.09894003360896837
375,10,30,0.03333333333333333,0.03220115836567359,10.632828270993677,0.0940483542584805
375,20,40,0.025,0.024097048049477588,10.725301747226949,0.09323747000950834
376,0,20,0.05,0.04930894475028956,11.22629905541751,0.0890765509687208
376,5,25,0.04,0.03963971156363613,10.440460743519745,0.09578121354660393
376,10,30,0.03333333333333333,0.03288578479479396,10.49534997125403,0.09528029105641303
376,20,40,0.025,0.024715930162737623,11.001176324786409,0.09089937025615444
377,0,20,0.05,0.061629088095504846,12.573247681114927,0.07953394583183185
377,5,25,0.04,0.04962753824597882,11.556384696063029,0.08653225262920461
377,10,30,0.03333333333333333,0.04117143449105767,11.574058835977915,0.08640011375192806
377,20,40,0.025,0.031065189603264952,12.250691185732936,0.08162804733536934
378,0,20,0.05,0.053972294990335234,12.610820802919287,0.07929697960409599
378,5,25,0.04,0.04337520818979865,11.538473621535958,0.08666657590944718
378,10,30,0.03333333333333333,0.03619552835965993,11.835598270386445,0.08449087043635767
378,20,40,0.025,0.0270023991243097,12.323359675576862,0.08114670238683831
379,0,20,0.05,0.05415395455100918,11.631992687558983,0.08596979269678803
379,5,25,0.04,0.04304558241289613,10.90477651987079,0.09170293386368719
379,10,30,0.03333333333333333,0.03616891017475789,10.9163413457088,0.0916057833234666
379,20,40,0.025,0.027043262246722165,11.408211598850414,0.08765615813970073
380,0,20,0.05,0.04858146479535394,11.469648178261126,0.08718663244573964
380,5,25,0.04,0.03893231761181037,10.677570428596992,0.09365426401887922
380,10,30,0.03333333333333333,0.03235876928059129,10.670038374514936,0.09372037521331411
380,20,40,0.025,0.024228435284181955,11.344063723068516,0.08815183204290963
381,0,20,0.05,0.05212160044242355,11.836289829346802,0.08448593388788166
381,5,25,0.04,0.041994931214000414,11.189364827023894,0.08937057781732695
381,10,30,0.03333333333333333,0.034612957673284345,11.032543649007286,0.09064092849430788
381,20,40,0.025,0.02607160960724118,11.689514875805981,0.08554674942667806
382,0,20,0.05,0.0493698434217942,11.518141670420462,0.0868195607081377
382,5,25,0.04,0.039213996247546054,10.866886175769872,0.09202268099851099
382,10,30,0.03333333333333333,0.032796051961913555,10.683075947467922,0.09360599933177652
382,20,40,0.025,0.024651935290663438,11.384790830292582,0.08783648421007491
383,0,20,0.05,0.05526258214376887,13.09733775538898,0.07635139435787582
383,5,25,0.04,0.04416551855483343,11.854844445577685,0.08435370068251201
383,10,30,0.03333333333333333,0.0367239813570077,11.995955895341053,0.08336142686122883
383,20,40,0.025,0.0276471614744956,12.785693616251919,0.07821241694145542
384,0,20,0.05,0.054020748074713736,12.931534454345911,0.07733034339663605
384,5,25,0.04,0.04372760837968274,11.911326111855217,0.08395370847958822
384,10,30,0.03333333333333333,0.03624855885018733,11.906472865408,0.08398792919650541
384,20,40,0.025,0.02703081740702877,12.731639583378541,0.07854447916555254
385,0,20,0.05,0.050691535263551565,11.121950850683877,0.08991228368344309
385,5,25,0.04,0.04049394023011983,10.452455121267949,0.09567130290425908
385,10,30,0.03333333333333333,0.03371550313275103,10.426640575286251,0.09590816838649358
385,20,40,0.025,0.025372512073636437,10.908826613278219,0.09166888753945364
386,0,20,0.05,0.0520923711281699,12.16165234786759,0.08222566896309437
386,5,25,0.04,0.042063544191591584,11.404489499396094,0.08768476660467384
386,10,30,0.03333333333333333,0.03470642539957232,11.226813795388761,0.08907246688376844
386,20,40,0.025,0.026111569683079747,11.99618631406543,0.08335982568289292
387,0,20,0.05,0.059671217766767995,12.172008209587492,0.08215571192371796
387,5,25,0.04,0.04756264214923336,11.462023063867417,0.08724463337998106
387,10,30,0.03333333333333333,0.03976117116868525,11.529733294492685,0.08673227510628212
387,20,40,0.025,0.029936206653052067,11.939626690800772,0.08375471242919837
388,0,20,0.05,0.053185130308737,11.741355159272985,0.08516904449570531
388,5,25,0.04,0.04224705628381286,10.833955832719088,0.09230238847568033
388,10,30,0.03333333333333333,0.03523649572891612,11.083408217141084,0.09022495431084515
388,20,40,0.025,0.02651610791300552,11.534522369043305,0.08669626431033069
389,0,20,0.05,0.051614348840782115,11.341259594921198,0.08817362759669274
389,5,25,0.04,0.04118546910210372,10.56003551248772,0.09469665123923633
389,10,30,0.03333333333333333,0.034496748432960044,10.887285229461094,0.0918502619270037
389,20,40,0.025,0.02580090627926819,11.29070673922602,0.08856841498910016
390,0,20,0.05,0.05700879600705988,12.691034711623118,0.07879578164608969
390,5,25,0.04,0.04607216030757125,11.689908724871804,0.0855438672393027
390,10,30,0.03333333333333333,0.038452065509114446,11.843195149213157,0.0844366733302067
390,20,40,0.025,0.02853084113955045,12.576939764814902,0.07951059786400409
391,0,20,0.05,0.05167427431985596,11.73837507324542,0.0851906668308155
391,5,25,0.04,0.04166759459078482,10.948061699643553,0.09134036941283935
391,10,30,0.03333333333333333,0.03478786791683711,10.934981986325356,0.0914496248142467
391,20,40,0.025,0.025911668608698674,11.669111623899479,0.08569632652685423
392,0,20,0.05,0.05082202899407087,11.710684848582757,0.0853921024201263
392,5,25,0.04,0.04069487243315285,10.910658604699853,0.09165349556160085
392,10,30,0.03333333333333333,0.034134254751247026,10.982854879359271,0.09105100731863071
392,20,40,0.025,0.02544865205072667,11.636959160588269,0.08593310212746748
393,0,20,0.05,0.05202080751245404,11.492826958858473,0.0870107940874562
393,5,25,0.04,0.04135769195493166,10.649778168512468,0.09389866945366405
393,10,30,0.03333333333333333,0.03474993988622065,10.95455227204704,0.0912862502424422
393,20,40,0.025,0.026003041930099943,11.303853894387,0.08846540386518587
394,0,20,0.05,0.05171555042300021,11.789508452530495,0.08482117842541267
394,5,25,0.04,0.04159973490948887,10.85809128404167,0.09209721799536884
394,10,30,0.03333333333333333,0.03470081577846987,11.008714003124645,0.09083713135940912
394,20,40,0.025,0.025911141399088636,11.715028488810571,0.08536044115941627
395,0,20,0.05,0.058346912133843264,12.43045655701408,0.08044756806906937
395,5,25,0.04,0.04624400729019653,11.892425317206476,0.08408713725981165
395,10,30,0.03333333333333333,0.038826978864512654,11.828923356271481,0.08453854758217011
395,20,40,0.025,0.029236033921728667,12.389205650736113,0.08071542503942408
396,0,20,0.05,0.049698653548598475,12.128491063932849,0.0824504874290384
396,5,25,0.04,0.03973539799557345,11.445424995625915,0.08737115488347255
396,10,30,0.03333333333333333,0.03316135558107761,11.39059716244694,0.08779170975309769
396,20,40,0.025,0.024833388085487677,11.900461901398668,0.08403035178680497
397,0,20,0.05,0.0462310931918375,11.884716229223786,0.08414168085402507
397,5,25,0.04,0.03719907107680271,11.084489890441164,0.0902161497627745
397,10,30,0.03333333333333333,0.03095116842489295,11.35082474314839,0.08809932517050113
397,20,40,0.025,0.02303167792362936,11.81967562861443,0.08460469063796344
398,0,20,0.05,0.05050111947425449,12.139803765048617,0.08237365441433848
398,5,25,0.04,0.0402103069659613,11.369775934978618,0.08795248083328923
398,10,30,0.03333333333333333,0.03359887346630643,11.445151341896278,0.08737324392901528
398,20,40,0.025,0.02521650639533948,11.937128576607334,0.08377223999745266
399,0,20,0.05,0.05028475837281051,11.733994134427643,0.08522247314458689
399,5,25,0.04,0.04033447154030899,10.744104413924765,0.09307430023706417
399,10,30,0.03333333333333333,0.03360818977633368,10.69603867797265,0.09349255646012138
399,20,40,0.025,0.025113357349207457,11.482499882476006,0.0870890494435056
400,0,20,0.05,0.05565312012147787,11.452435454944625,0.08731767176808203
400,5,25,0.04,0.04488845696936088,10.994580892513863,0.09095389899590382
400,10,30,0.03333333333333333,0.037569632374590683,11.049966284934637,0.09049801367841144
400,20,40,0.025,0.027895034119278173,11.374146122511016,0.08791868762973433
401,0,20,0.05,0.05241230910913066,11.752351837407904,0.08508935180250354
401,5,25,0.04,0.041764943010853074,11.022239554279368,0.09072566378869451
401,10,30,0.03333333333333333,0.03467221221024517,11.15576245686113,0.08963977172039639
401,20,40,0.025,0.026151375431855577,11.594078166742165,0.08625092789770204
402,0,20,0.05,0.04998201607080883,11.928202476711283,0.08383492835172843
402,5,25,0.04,0.03977105325422243,10.878428012976741,0.09192504641360981
402,10,30,0.03333333333333333,0.0333399080951123,10.978382006889742,0.09108810381825176
402,20,40,0.025,0.024956213415176214,11.747096944812672,0.08512741528378923
403,0,20,0.05,0.0512677416283178,12.49013611983721,0.08006317868800245
403,5,25,0.04,0.04090364087688165,11.801569582357446,0.08473449171497771
403,10,30,0.03333333333333333,0.0343022079049287,11.794276321802888,0.0847868892262089
403,20,40,0.025,0.025607108396622842,12.283681199418277,0.08140882067562592
404,0,20,0.05,0.05505172093508577,12.70178727949492,0.07872907788452307
404,5,25,0.04,0.04376001109495352,11.823289333489134,0.08457883181184851
404,10,30,0.03333333333333333,0.036440227800017135,11.962300381222413,0.08359596132276785
404,20,40,0.025,0.02761116696211131,12.515947798545387,0.07989806414151238
405,0,20,0.05,0.05642398680536278,12.706113412262718,0.0787022724852193
405,5,25,0.04,0.04509223744718431,11.779065818966872,0.08489637594093254
405,10,30,0.03333333333333333,0.037502956534965284,11.766385420430867,0.08498786706949309
405,20,40,0.025,0.02820212543294954,12.519235526016198,0.0798770817852178
406,0,20,0.05,0.05944669122689367,11.565543597996971,0.08646372663133528
406,5,25,0.04,0.04779149648515098,10.829652381868184,0.09233906728846393
406,10,30,0.03333333333333333,0.040029795291660106,10.862621201696497,0.0920588117206759
406,20,40,0.025,0.029827822229696953,11.44357020818229,0.08738531610397146
407,0,20,0.05,0.0537490368435231,11.311964715701558,0.08840197305530412
407,5,25,0.04,0.043127406158814774,10.58910050598685,0.09443672759878154
407,10,30,0.03333333333333333,0.03589458762418144,10.694080909646926,0.09350967216807936
407,20,40,0.025,0.026878237685054193,11.224074247886584,0.08909420749673792
408,0,20,0.05,0.05267167262291546,12.20788868852465,0.08191424623161864
408,5,25,0.04,0.04201535032105337,11.381259480262981,0.08786373790476952
408,10,30,0.03333333333333333,0.03491250069216911,11.528568935346051,0.0867410348680873
408,20,40,0.025,0.026357682093774173,12.030400028391483,0.08312275548942859
409,0,20,0.05,0.05099625609576595,11.545718269714012,0.08661219481018655
409,5,25,0.04,0.04098450425086555,10.7266836031355,0.0932254587715901
409,10,30,0.03333333333333333,0.034188196028359985,10.809711952085545,0.09250940306573734
409,20,40,0.025,0.0255030381527967,11.413060369234348,0.08761891794558918
410,0,20,0.05,0.0525693355904985,12.621667589499582,0.07922883350468965
410,5,25,0.04,0.04189354583938974,11.790475538920461,0.08481422116512531
410,10,30,0.03333333333333333,0.03505333852457983,11.896630564087722,0.08405741395540121
410,20,40,0.025,0.026219163324062045,12.468335922565347,0.0802031647375002
411,0,20,0.05,0.05458390585460092,12.136049029403878,0.08239913975109574
411,5,25,0.04,0.04373265974935885,11.5040353187233,0.08692601963525425
411,10,30,0.03333333333333333,0.03649751131601243,11.59665385974814,0.08623177099999417
411,20,40,0.025,0.027452516071722808,12.047018453052045,0.08300809066550865
412,0,20,0.05,0.04812250124603268,11.142286402887997,0.08974818666847474
412,5,25,0.04,0.03873615019217898,10.495252863571912,0.09528117264052884
412,10,30,0.03333333333333333,0.032187744303191386,10.609614160679048,0.0942541344911639
412,20,40,0.025,0.024022250610721944,10.95410723011518,0.09128995900741106
413,0,20,0.05,0.06034683760923698,11.767780465947615,0.08497779193737481
413,5,25,0.04,0.0481275129676227,10.758853011428224,0.09294671085642532
413,10,30,0.03333333333333333,0.04027035636495038,11.167773542280038,0.08954336298225454
413,20,40,0.025,0.0302659569568776,11.651823939590047,0.08582347323342611
414,0,20,0.05,0.05208429871118761,12.253644930513529,0.0816083708701107
414,5,25,0.04,0.04142557192427285,11.55286259361517,0.08655863357646633
414,10,30,0.03333333333333333,0.034658692518867384,11.554018560806224,0.08654997347781838
414,20,40,0.025,0.026023031933131602,12.15655733301797,0.08226013110504053
415,0,20,0.05,0.05164541815210169,12.556028202345777,0.07964301958267148
415,5,25,0.04,0.04123311471216687,11.797868530836173,0.08476107335713166
415,10,30,0.03333333333333333,0.03450537181496067,11.60474341206619,0.08617165968187081
415,20,40,0.025,0.025749385393826374,12.309022973873931,0.08124121647368061
416,0,20,0.05,0.05558175143527411,12.62623700186142,0.07920016073297019
416,5,25,0.04,0.04480838475655691,11.886288263903984,0.08413055259956784
416,10,30,0.03333333333333333,0.0370871294801771,11.756520361832894,0.08505918156246833
416,20,40,0.025,0.027870001796411643,12.471372104803962,0.08018363910533957
417,0,20,0.05,0.05501613014389239,12.410064243205339,0.08057976013681897
417,5,25,0.04,0.04373384195718402,11.538855038566421,0.08666371114444985
417,10,30,0.03333333333333333,0.03676098240065668,11.614635743235972,0.08609826619680011
417,20,40,0.025,0.027554893943553656,12.207859558376427,0.08191444169374063
418,0,20,0.05,0.048770249946379254,11.141933699966762,0.08975102768767895
418,5,25,0.04,0.038883654244514496,10.336369414507432,0.0967457682575148
418,10,30,0.03333333333333333,0.03264529590644613,10.411714013074642,0.09604566536731966
418,20,40,0.025,0.02437039801293311,10.762654662767673,0.09291387964527004
419,0,20,0.05,0.05189227142228626,12.398666565302406,0.0806538344049427
419,5,25,0.04,0.04181391724794639,11.754769494455923,0.08507185108747942
419,10,30,0.03333333333333333,0.03456969310373632,11.973591279949405,0.08351713171256883
419,20,40,0.025,0.026000222709671485,12.31382095431984,0.08120956149270529
420,0,20,0.05,0.051066097274694654,11.585600533437393,0.08631404104723647
420,5,25,0.04,0.04103575153104079,10.832765694594666,0.09231252924624596
420,10,30,0.03333333333333333,0.03396293167287766,10.887968174314418,0.0918445006442138
420,20,40,0.025,0.02558610017848493,11.56589260003594,0.08646111757919078
421,0,20,0.05,0.05667001053479015,10.26238969428904,0.09744319108798745
421,5,25,0.04,0.045653625096303926,9.769292820312968,0.10236155455599949
421,10,30,0.03333333333333333,0.03772699183114735,9.734707945728479,0.10272521842206811
421,20,40,0.025,0.028436445974061017,10.201510984249069,0.09802469472845544
422,0,20,0.05,0.053119737422272315,12.924401857746307,0.07737301973480845
422,5,25,0.04,0.04249294253251271,11.94004123993613,0.08375180452939116
422,10,30,0.03333333333333333,0.03554432655909133,12.008621661682055,0.08327350366869077
422,20,40,0.025,0.026552066040733454,12.742355786002529,0.07847842398958123
423,0,20,0.05,0.055738854005577966,11.280920788464018,0.08864524614184066
423,5,25,0.04,0.04474800322943066,10.375973701255548,0.0963764971646945
423,10,30,0.03333333333333333,0.03731100064726324,10.425532157174882,0.09591836511787047
423,20,40,0.025,0.02800140768913117,11.131203369877031,0.08983754646925
424,0,20,0.05,0.05175109708050207,11.427622290687914,0.08750726744047843
424,5,25,0.04,0.04116590152583426,10.580756411891237,0.09451120138028553
424,10,30,0.03333333333333333,0.034281313554467736,10.595240861992025,0.09438199782576616
424,20,40,0.025,0.02590123422476839,11.273365830869604,0.08870465263015971
425,0,20,0.05,0.05275841462349674,11.864174311164586,0.08428736579324922
425,5,25,0.04,0.04219859072833519,11.100135883441432,0.09008898724309715
425,10,30,0.03333333333333333,0.03522392285144616,11.14118388802104,0.08975706801457575
425,20,40,0.025,0.02634434267032099,11.883034394606723,0.08415358962975514
426,0,20,0.05,0.05595038468661379,11.699545966870254,0.08547340237234095
426,5,25,0.04,0.04469315674240272,10.719130536242599,0.09329114862617695
426,10,30,0.03333333333333333,0.037241178866790556,11.067605456242692,0.09035378103724769
426,20,40,0.025,0.028022620060712544,11.644692811783946,0.08587603092355013
427,0,20,0.05,0.05225599230281731,12.220498192190787,0.08182972447383739
427,5,25,0.04,0.04192220785231432,11.287162240839615,0.08859622805648741
427,10,30,0.03333333333333333,0.034800024640443974,11.404263083714714,0.08768650746298548
427,20,40,0.025,0.02609194864602694,12.000235104626528,0.08333170069430253
428,0,20,0.05,0.052082675421805016,12.24255451673622,0.08168229911763489
428,5,25,0.04,0.041372180921118475,11.3799399870273,0.08787392562174863
428,10,30,0.03333333333333333,0.03452942248650411,11.489948317073832,0.08703259339417742
428,20,40,0.025,0.026019551115059613,12.040748472361914,0.08305131548054337
429,0,20,0.05,0.0524534646390664,11.926197805055887,0.083849020144213
429,5,25,0.04,0.0420102830699771,11.101844967417474,0.09007511840913604
429,10,30,0.03333333333333333,0.0350713505785513,11.090621424495863,0.09016627308108266
429,20,40,0.025,0.026188227015620527,11.758150431079748,0.0850473895415344
430,0,20,0.05,0.05532549960580841,13.334401777964539,0.07499399048051238
430,5,25,0.04,0.04445309483124753,12.32691408835904,0.08112330408340829
430,10,30,0.03333333333333333,0.03664105562922262,12.529537852088616,0.07981140340569741
430,20,40,0.025,0.02771688979527543,13.109394087254067,0.0762811761813061
431,0,20,0.05,0.05978066911895679,10.718605719452905,0.09329571645546467
431,5,25,0.04,0.047989711380553635,10.299320056866334,0.09709378818005773
431,10,30,0.03333333333333333,0.03981613980318805,10.485896361441656,0.09536619145666578
431,20,40,0.025,0.03003963641864276,10.69292317629043,0.09351979655266898
432,0,20,0.05,0.05847957621949982,12.123722181435792,0.08248291943964454
432,5,25,0.04,0.046924029407922015,11.333322676031406,0.08823537708979891
432,10,30,0.03333333333333333,0.03901620021773301,11.513520441638105,0.08685440783025382
432,20,40,0.025,0.029313519612116985,12.027306842374388,0.08314413302210086
433,0,20,0.05,0.053757788897775306,11.613620911167377,0.08610578971442268
433,5,25,0.04,0.043207608508187056,10.682273169359888,0.09361303386888793
433,10,30,0.03333333333333333,0.03608469188210067,10.90864843119064,0.09167038486094593
433,20,40,0.025,0.02695680372550481,11.476215283634431,0.08713674110192428
434,0,20,0.05,0.05988726834942503,12.309078432542568,0.08124085044061577
434,5,25,0.04,0.04795746679361992,11.72286276173139,0.08530339562316147
434,10,30,0.03333333333333333,0.04018322908936747,11.747458251327343,0.08512479709276773
434,20,40,0.025,0.03002992699219481,12.231806241553718,0.0817540746028836
435,0,20,0.05,0.044329595401772226,12.130682859134582,0.08243559011576873
435,5,25,0.04,0.03572840943148389,11.507111328210303,0.08690278311190455
435,10,30,0.03333333333333333,0.02965268468075437,11.72116883826853,0.08531572352537851
435,20,40,0.025,0.022097031278315398,12.006500779545426,0.08328821347378954
436,0,20,0.05,0.05468264507555392,11.658151648787136,0.08577689072212709
436,5,25,0.04,0.04397972460141886,10.999711132094964,0.09091147830984392
436,10,30,0.03333333333333333,0.036624040059912745,10.926121849677441,0.09152378252394483
436,20,40,0.025,0.027425118918577525,11.42537522077493,0.08752447781160702
437,0,20,0.05,0.05126192177149518,11.833795570148816,0.08450374134589048
437,5,25,0.04,0.04105770635626722,11.189572004697524,0.0893689230991308
437,10,30,0.03333333333333333,0.0340000671392594,11.245514713351993,0.08892434232580594
437,20,40,0.025,0.02556997968027212,11.489147338738773,0.08703866096557306
438,0,20,0.05,0.048937919289790396,11.644500422001464,0.08587744976251367
438,5,25,0.04,0.03909033538420031,10.809697700402683,0.09250952503165263
438,10,30,0.03333333333333333,0.03255061626456349,10.660684479174941,0.09380260732352082
438,20,40,0.025,0.024344821742282922,11.443449796312317,0.08738623560198192
439,0,20,0.05,0.05561596048521991,12.394663916617954,0.08067988020709989
439,5,25,0.04,0.04460633489751956,11.688130980844509,0.08555687831004666
439,10,30,0.03333333333333333,0.037214531791628126,11.826876156614702,0.08455318097168929
439,20,40,0.025,0.027857473966356672,12.30030875697489,0.08129877223065235
440,0,20,0.05,0.051343025095287036,13.315192339189982,0.07510218211844727
440,5,25,0.04,0.04098930980273579,12.226873616353549,0.08178705623181476
440,10,30,0.03333333333333333,0.03460191277028847,12.58675644367335,0.07944858585888054
440,20,40,0.025,0.025639730230951834,13.072253772843824,0.07649790291536342
441,0,20,0.05,0.059612578679893884,12.219746842735836,0.081834755897129
441,5,25,0.04,0.047705522262580645,11.391856130795952,0.0877820074725724
441,10,30,0.03333333333333333,0.03970431071901933,11.408060760713568,0.08765731713524381
441,20,40,0.025,0.029925636340650902,11.983050974869363,0.083451201375775
442,0,20,0.05,0.05153518376775714,12.203133780885894,0.0819461638260762
442,5,25,0.04,0.0412287347664747,11.221848292068149,0.08911188014427375
442,10,30,0.03333333333333333,0.03440834804342953,11.409962835077803,0.08764270440265472
442,20,40,0.025,0.025721626877024957,11.9195685918303,0.0838956537978566
443,0,20,0.05,0.05590342328809064,11.49193548025592,0.08701754388702246
443,5,25,0.04,0.044929524688011445,10.922782125788697,0.09155176661804865
443,10,30,0.03333333333333333,0.037338882643886684,10.852030359145438,0.09214865485123346
443,20,40,0.025,0.02800156530711205,11.423952494724961,0.08753537801052241
444,0,20,0.05,0.054348839648749106,11.606739251573728,0.0861568420143851
444,5,25,0.04,0.04368073365574016,11.190412937190146,0.08936220724050374
444,10,30,0.03333333333333333,0.03622521345650109,11.1853216998237,0.0894028823521242
444,20,40,0.025,0.027160679262676433,11.513399670988031,0.08685531889593338
445,0,20,0.05,0.04970465582512948,11.105100228704107,0.09004871450103909
445,5,25,0.04,0.03991756144981656,10.730927380412401,0.09318859074802247
445,10,30,0.03333333333333333,0.03330507712114042,10.804345818920094,0.09255534918632871
445,20,40,0.025,0.02486765124987052,10.952877072857106,0.09130021211304853
446,0,20,0.05,0.050742522156660065,12.600137261999672,0.07936421478644254
446,5,25,0.04,0.0402119418121676,11.840548932569062,0.08445554388524693
446,10,30,0.03333333333333333,0.033435883882637484,11.750241839839518,0.08510463134549899
446,20,40,0.025,0.025311905646412378,12.495784331496495,0.080026989380685
447,0,20,0.05,0.05535759642493859,11.87889617353648,0.08418290600331839
447,5,25,0.04,0.04469197562621432,11.102469802297232,0.09007004907980819
447,10,30,0.03333333333333333,0.03722783537826668,11.351989433186645,0.08809028636659746
447,20,40,0.025,0.027826779122070815,11.814641784565438,0.08464073801258983
448,0,20,0.05,0.058348715675924374,12.1281975527927,0.08245248279038256
448,5,25,0.04,0.04632910394922895,11.371548949195594,0.08793876757402856
448,10,30,0.03333333333333333,0.03871577185634935,11.556597501751861,0.08653065920556724
448,20,40,0.025,0.0292164780627398,11.994884787072712,0.0833688707938015
449,0,20,0.05,0.05353205392047831,12.99901241831748,0.07692892104563698
449,5,25,0.04,0.042873267160897496,12.154669988434662,0.08227290423775503
449,10,30,0.03333333333333333,0.035607168769388214,12.114340275278622,0.08254679803246659
449,20,40,0.025,0.026770881319698514,12.871453375840074,0.07769130422186947
450,0,20,0.05,0.056251147392849976,12.065466424187425,0.08288117216880383
450,5,25,0.04,0.0453376850471606,11.326509380260456,0.08828845378813475
450,10,30,0.03333333333333333,0.037666326693297704,11.62828911016681,0.08599717383408391
450,20,40,0.025,0.028215022102071843,11.929223456426818,0.08382775321902905
451,0,20,0.05,0.05300071779869679,11.77801345625891,0.08490396141198105
451,5,25,0.04,0.04231584300550861,10.972651766574257,0.09113567269548073
451,10,30,0.03333333333333333,0.03532390833438174,11.084602975465506,0.09021522937838955
451,20,40,0.025,0.026548267682808227,11.545846049030319,0.08661123626223868
452,0,20,0.05,0.05563880658579349,10.561478941553867,0.09468370912197967
452,5,25,0.04,0.04449806452981503,9.941027947896053,0.10059321885435829
452,10,30,0.03333333333333333,0.03723937887460054,10.089880778045492,0.09910919880994964
452,20,40,0.025,0.027833315540185758,10.432618303963713,0.09585321449171254
453,0,20,0.05,0.054231255733685986,12.696062816753642,0.0787645756352439
453,5,25,0.04,0.04370517935091222,11.858582033596955,0.08432711408217827
453,10,30,0.03333333333333333,0.03615953695752148,12.021511983200146,0.08318421188594934
453,20,40,0.025,0.027200466575404383,12.490727669882364,0.08005938696519654
454,0,20,0.05,0.05584736111219463,11.55243824540674,0.08656181307851621
454,5,25,0.04,0.044490962768972825,10.843233914731655,0.09222340935035962
454,10,30,0.03333333333333333,0.037084496907439674,11.06377454573184,0.09038506667562002
454,20,40,0.025,0.02797807284240923,11.473627441145569,0.08715639453429529
455,0,20,0.05,0.050325321621210437,13.159273622148403,0.07599203639301927
455,5,25,0.04,0.039756555950101226,11.926786404371638,0.08384488210784596
455,10,30,0.03333333333333333,0.03351324891675785,12.082574628719568,0.08276381737573206
455,20,40,0.025,0.02507498026217445,12.80711648043465,0.07808158858613441
456,0,20,0.05,0.05394166952849975,11.406174937900968,0.08767180982619806
456,5,25,0.04,0.04322157076887879,10.749675497405974,0.09302606392549356
456,10,30,0.03333333333333333,0.03607365157373588,10.718229714752352,0.09329898934929716
456,20,40,0.025,0.026999841126560974,11.407422621027616,0.08766222075060781
457,0,20,0.05,0.05089614937876297,11.46467422906626,0.08722445836836003
457,5,25,0.04,0.040908288865254966,10.62842175775804,0.09408734643693138
457,10,30,0.03333333333333333,0.03398311490254924,10.882457396976411,0.09189100986307014
457,20,40,0.025,0.025464372326000136,11.38345849590972,0.0878467647033033
458,0,20,0.05,0.0463329070118703,12.000520284849443,0.08332972040074726
458,5,25,0.04,0.03720738677413353,10.904657653590984,0.09170393347201437
458,10,30,0.03333333333333333,0.030724647208139555,11.088705888770546,0.09018184899400145
458,20,40,0.025,0.02312158618850203,11.778854071445151,0.08489790211632274
459,0,20,0.05,0.05438861275456868,12.269914367255874,0.08150016129441388
459,5,25,0.04,0.04341054781601864,11.516330301533586,0.08683321629519725
459,10,30,0.03333333333333333,0.03626131984302115,11.588398164387321,0.08629320341038438
459,20,40,0.025,0.02723221863384805,12.09307537488955,0.08269195130267956
460,0,20,0.05,0.051591810876414915,12.816739855803291,0.07802296147465379
460,5,25,0.04,0.041401383385851316,11.713604686431646,0.08537081682108852
460,10,30,0.03333333333333333,0.03443055604779731,11.898822846486322,0.08404192691172777
460,20,40,0.025,0.025882211986614338,12.599022212559905,0.07937123874605957
461,0,20,0.05,0.05672167454765699,12.754870726761316,0.07840142181150254
461,5,25,0.04,0.0455404849120978,11.675236251841314,0.0856513717092696
461,10,30,0.03333333333333333,0.03785594773950068,11.743907600105274,0.08515053371086093
461,20,40,0.025,0.028442433983992543,12.529060902509746,0.07981444162344889
462,0,20,0.05,0.0465171342809986,12.377416367624983,0.08079230513854671
462,5,25,0.04,0.03710011144907634,11.481728049540576,0.08709490380587907
462,10,30,0.03333333333333333,0.030888165212906566,11.689579267203117,0.08554627819716756
462,20,40,0.025,0.02318210475749201,12.178087729552317,0.082114698317809
463,0,20,0.05,0.05880610069609921,12.232296756917581,0.0817507962627282
463,5,25,0.04,0.04744912265441909,11.38423158938327,0.0878407991043139
463,10,30,0.03333333333333333,0.03953560824573381,11.480215731393724,0.08710637704005914
463,20,40,0.025,0.029528412006118814,11.944681901096917,0.08371926588586398
464,0,20,0.05,0.049808315308897864,10.708509544878234,0.09338367732774626
464,5,25,0.04,0.039706784700371194,10.166469392104258,0.09836256437034527
464,10,30,0.03333333333333333,0.032921613185069185,10.112510495497364,0.09888741281853344
464,20,40,0.025,0.02488825962830899,10.520085176759466,0.09505626458321444
465,0,20,0.05,0.04963109381961093,11.139620472954666,0.08976966517197336
465,5,25,0.04,0.039647534266155804,10.657495380647221,0.09383067637222572
465,10,30,0.03333333333333333,0.03313050782152737,10.465036509000191,0.0955562839307799
465,20,40,0.025,0.02477976445682209,10.9671015268833,0.09118179471109414
466,0,20,0.05,0.05963348407601866,12.56695354432767,0.07957378027002962
466,5,25,0.04,0.04764260456709307,11.812359965523873,0.08465708824643411
466,10,30,0.03333333333333333,0.03972345019654397,11.84983735588763,0.08438934391813799
466,20,40,0.025,0.02989660227479314,12.502380787845793,0.07998476585932748
467,0,20,0.05,0.05070448502579369,11.494015332988551,0.0870017979817668
467,5,25,0.04,0.040537043413001926,11.045447245196991,0.09053503926107118
467,10,30,0.03333333333333333,0.03390898423391646,10.969127738137201,0.09116495166003254
467,20,40,0.025,0.02529406348776784,11.497498430039577,0.08697544131750386
468,0,20,0.05,0.050590332656476784,11.703039178661612,0.08544788962369025
468,5,25,0.04,0.0403006679672544,10.92057825472377,0.09157024258925513
468,10,30,0.03333333333333333,0.03365569748273641,11.032025516058802,0.09064518555947382
468,20,40,0.025,0.025228341533736605,11.51674672456617,0.08683007657595852
469,0,20,0.05,0.05740389184392033,12.16367769600438,0.08221197774160753
469,5,25,0.04,0.045876822349318086,11.344276927879491,0.08815017531372299
469,10,30,0.03333333333333333,0.03830889588730767,11.566356090516082,0.08645765288343121
469,20,40,0.025,0.02883615391500775,12.01611543319249,0.08322157069477451
470,0,20,0.05,0.0461254007121294,11.92700723538765,0.08384332970244049
470,5,25,0.04,0.03704412380345299,11.080872590229339,0.09024560041253062
470,10,30,0.03333333333333333,0.03081696809466182,11.214968736601605,0.08916654370478638
470,20,40,0.025,0.023038543225874255,11.779511645616108,0.08489316281394081
471,0,20,0.05,0.046773368124163536,12.178703873938202,0.0821105439750406
471,5,25,0.04,0.0371560527539713,11.2894302545065,0.08857842933223502
471,10,30,0.03333333333333333,0.030996785979573033,11.444537068533954,0.08737793359501085
471,20,40,0.025,0.023315484392429114,12.010592606897575,0.08325983843842219
472,0,20,0.05,0.05185752703991587,12.509780279441571,0.07993745514806432
472,5,25,0.04,0.04133822554491388,11.60962834633317,0.0861354015967138
472,10,30,0.03333333333333333,0.034779981234923485,11.701715586708932,0.08545755471409869
472,20,40,0.025,0.025954413985076093,12.391047332730244,0.08070342830170273
473,0,20,0.05,0.05560064953095417,12.03742833186206,0.08307422253581224
473,5,25,0.04,0.04501468774252737,11.542941999257682,0.08663302649050036
473,10,30,0.03333333333333333,0.03744442965865218,11.503447180030335,0.08693046391658774
473,20,40,0.025,0.027859949977971997,12.0659894816734,0.08287757929168298
474,0,20,0.05,0.0484028282785363,12.146328149924084,0.08232940750956494
474,5,25,0.04,0.038276729997168656,11.533135577777914,0.08670668902278436
474,10,30,0.03333333333333333,0.03183505434647538,11.60571156231932,0.08616447122869535
474,20,40,0.025,0.024200319288993966,12.090022256089027,0.08271283367541854
475,0,20,0.05,0.05360278738738655,11.943064110656,0.08373060637828836
475,5,25,0.04,0.0428257959081141,11.184849219303572,0.08940665898956707
475,10,30,0.03333333333333333,0.03579257425312386,11.137958877344783,0.08978305729194733
475,20,40,0.025,0.026787401811301,11.863018838518121,0.0842955754864936
476,0,20,0.05,0.048465349647299,10.975430296918473,0.09111260086821069
476,5,25,0.04,0.03840844303218269,10.367178947672443,0.09645825591006241
476,10,30,0.03333333333333333,0.032025758187182014,10.315144984455241,0.09694483223522152
476,20,40,0.025,0.024104221288992828,10.931192747611155,0.09148132533099233
477,0,20,0.05,0.05591854530195123,12.116267565839403,0.08253366761389451
477,5,25,0.04,0.045069040357102214,11.239516779116745,0.08897179653292753
477,10,30,0.03333333333333333,0.03759074348160961,11.37401709239326,0.08791968500458666
477,20,40,0.025,0.027999949904277146,11.84059859865708,0.0844551896314952
478,0,20,0.05,0.05177300401684885,12.107026678214657,0.0825966627957793
478,5,25,0.04,0.04136467649633195,11.352176697990814,0.0880888332346859
478,10,30,0.03333333333333333,0.034306621013886915,11.23051893975058,0.08904308032111374
478,20,40,0.025,0.025812513399793336,11.94738325976964,0.08370033657221783
479,0,20,0.05,0.06047293158713157,10.99675113992413,0.09093594892490213
479,5,25,0.04,0.048489371014013266,10.277832576010216,0.09729677853812571
479,10,30,0.03333333333333333,0.04029376233115052,10.692386387586527,0.0935244915167828
479,20,40,0.025,0.030361430010839848,10.820617227664478,0.09241616988755086
480,0,20,0.05,0.05523686481074199,12.392142233634317,0.08069629779472956
480,5,25,0.04,0.04430859535484512,11.709441476026294,0.08540116982072822
480,10,30,0.03333333333333333,0.036856351929482015,11.595618035132047,0.08623947399528259
480,20,40,0.025,0.027675776022520988,12.214008076626843,0.0818732060537634
481,0,20,0.05,0.06238275016093716,11.362573762425567,0.08800822955331294
481,5,25,0.04,0.04953888036253621,10.55532286705863,0.09473893054667519
481,10,30,0.03333333333333333,0.041653544314351976,10.855249479193752,0.09212132820316099
481,20,40,0.025,0.03119728157862018,11.172957139424483,0.08950182011093885
482,0,20,0.05,0.05311301843321832,12.638839445919682,0.0791211886406896
482,5,25,0.04,0.042789135671855105,11.7540578787835,0.0850770015183468
482,10,30,0.03333333333333333,0.03524119267775629,11.808098786513554,0.0846876383810521
482,20,40,0.025,0.02654432021920233,12.32008360484872,0.08116828035212664
483,0,20,0.05,0.05721330037989169,11.860616566547122,0.08431264887362608
483,5,25,0.04,0.04576324756357146,11.011134326982098,0.09081716472657701
483,10,30,0.03333333333333333,0.0382543019906572,11.296101214319954,0.0885261189703497
483,20,40,0.025,0.028714159056032043,11.769642504874106,0.08496434786238195
484,0,20,0.05,0.05791465273980372,12.70584858752754,0.07870391285644875
484,5,25,0.04,0.04647247459625688,12.141698939566517,0.08236079686849014
484,10,30,0.03333333333333333,0.03844515716265474,11.833548857767262,0.08450550312669927
484,20,40,0.025,0.02901837840596283,12.63963989891131,0.07911617799223322
485,0,20,0.05,0.05464230123701978,12.505440213663336,0.07996519777907607
485,5,25,0.04,0.04390433178514723,11.794714813074497,0.08478373711007368
485,10,30,0.03333333333333333,0.03670013511881826,11.775015197881068,0.08492558040858848
485,20,40,0.025,0.02735782219953273,12.334886640291062,0.08107087070695636
486,0,20,0.05,0.043975941537002364,11.316169727103,0.08836912348574373
486,5,25,0.04,0.035105903702735766,10.609011238980576,0.09425949105659448
486,10,30,0.03333333333333333,0.02946567337899515,10.651503375958695,0.09388346083211886
486,20,40,0.025,0.021952939000299754,11.049942155621151,0.09049821129527777
487,0,20,0.05,0.05432413682792592,11.867440123000133,0.08426417067501464
487,5,25,0.04,0.04361910615642214,11.338639434922968,0.08819400297005686
487,10,30,0.03333333333333333,0.036230917217974154,11.35840902171558,0.08804049916569737
487,20,40,0.025,0.02722604682114859,11.748943554493454,0.08511403560344316
488,0,20,0.05,0.05257278645903195,11.958070822716348,0.08362552913638321
488,5,25,0.04,0.042073966545816556,11.286464447259842,0.0886017055804205
488,10,30,0.03333333333333333,0.034935233009326126,11.087952043207583,0.09018798026030374
488,20,40,0.025,0.026239117301595134,11.789869200014772,0.08481858305932241
489,0,20,0.05,0.05216711357770164,12.199637092381083,0.08196965142713301
489,5,25,0.04,0.04175647743725636,11.654407135950674,0.08580445048253653
489,10,30,0.03333333333333333,0.03477832254550744,11.471508026688712,0.08717249708351146
489,20,40,0.025,0.026074151212361795,12.173012354010593,0.08214893494875442
490,0,20,0.05,0.05298292921412479,11.70377771403266,0.08544249766475097
490,5,25,0.04,0.04221682233772317,11.079155224915738,0.09025958926463236
490,10,30,0.03333333333333333,0.03518598887034124,10.852549453710052,0.09214424723567051
490,20,40,0.025,0.026455101155398748,11.494798054648966,0.08699587372007454
491,0,20,0.05,0.0564520233870092,12.49658676493754,0.08002185067091784
491,5,25,0.04,0.044894330017716706,11.642429614197424,0.0858927245547222
491,10,30,0.03333333333333333,0.03739186419585166,11.675978757272087,0.0856459249189003
491,20,40,0.025,0.028303395367829224,12.471354118295567,0.08018375474825086
492,0,20,0.05,0.04891212768042342,11.514047059508341,0.08685043537095816
492,5,25,0.04,0.03917207168872743,10.57076666167424,0.09460051782484584
492,10,30,0.03333333333333333,0.032545358498194996,10.692676425381073,0.09352195467416487
492,20,40,0.025,0.024469575344031,11.301159324640768,0.0884864969401524
493,0,20,0.05,0.056200269348362086,11.710482273004647,0.08539357958853921
493,5,25,0.04,0.04535075430330036,11.235581697197292,0.08900295747477403
493,10,30,0.03333333333333333,0.03751496207836213,11.250862998503253,0.08888207065831608
493,20,40,0.025,0.028067751566852386,11.529277258541054,0.08673570576674142
494,0,20,0.05,0.05506188380406871,11.397250607849074,0.08774045902889234
494,5,25,0.04,0.04424748116308909,10.486100970116231,0.09536433063631998
494,10,30,0.03333333333333333,0.03691656099852965,10.710579239036312,0.09336563202439603
494,20,40,0.025,0.02754933556999349,11.163772215955062,0.08957545717126135
495,0,20,0.05,0.051737627571547644,11.63493662527892,0.0859480401317637
495,5,25,0.04,0.04133085088500636,10.689589571980763,0.09354896118941465
495,10,30,0.03333333333333333,0.03441369577930438,11.06449570990006,0.09037917553759281
495,20,40,0.025,0.025917857720621388,11.445590584510164,0.08736989084279716
496,0,20,0.05,0.05302288938570135,11.839111837432476,0.08446579555387222
496,5,25,0.04,0.042469526062783945,11.109222985113407,0.09001529641992254
496,10,30,0.03333333333333333,0.03546592489688842,11.295952368639249,0.08852728547052678
496,20,40,0.025,0.026557969261689886,11.72641072475921,0.08527758608084521
497,0,20,0.05,0.048659800734264846,11.695459585108788,0.08550326669276402
497,5,25,0.04,0.03888920390206855,11.107644990880193,0.09002808433480174
497,10,30,0.03333333333333333,0.032530538907453076,10.882833840498982,0.09188783129984364
497,20,40,0.025,0.0243324174422644,11.47525032076562,0.08714406849935112
498,0,20,0.05,0.058619447274373085,12.147523314504323,0.08232130732410163
498,5,25,0.04,0.046968010915590185,11.392045938105,0.08778054490239742
498,10,30,0.03333333333333333,0.03931389216472992,11.8719242973146,0.08423234304367976
498,20,40,0.025,0.029366996614257408,12.17721595905628,0.08212057693337475
499,0,20,0.05,0.05125588299148533,11.681197644164182,0.08560766031551488
499,5,25,0.04,0.040902422428340336,10.955548839384724,0.09127794642337254
499,10,30,0.03333333333333333,0.03407354919346998,11.151665757004812,0.08967270197924104
499,20,40,0.025,0.025578642326801175,11.627040292644526,0.08600641047340464
